id,path,name,position,language,loc,words,keywords/globals.json,loop_statements,loop_nestings,if_statements,if_nestings,functions_calls,function_calls_nestings,params,param_kw_match,parse_error
829743320,projects/0/829743320-491e7bcdf5c41f698e5ea5ed25c5d225e71c9e42/physwizz-A245-U-u5-491e7bc/prebuilts/build-tools/common/py3-stdlib/timeit.py.functions/101-5,__init__,101:5,python,34,125,3,0,0,3,1,14,1,0,0,none
829743320,projects/0/829743320-491e7bcdf5c41f698e5ea5ed25c5d225e71c9e42/physwizz-A245-U-u5-491e7bc/prebuilts/build-tools/common/py3-stdlib/timeit.py.functions/230-1,timeit,230:1,python,4,30,2,0,0,0,0,2,2,0,0,none
829743320,projects/0/829743320-491e7bcdf5c41f698e5ea5ed25c5d225e71c9e42/physwizz-A245-U-u5-491e7bc/prebuilts/build-tools/common/py3-stdlib/timeit.py.functions/235-1,repeat,235:1,python,4,33,2,0,0,0,0,2,2,0,0,none
829743320,projects/0/829743320-491e7bcdf5c41f698e5ea5ed25c5d225e71c9e42/physwizz-A245-U-u5-491e7bc/prebuilts/clang/host/linux-x86/clang-r416183b/python3/lib/python3.9/zoneinfo/__init__.py.functions/30-1,__dir__,30:1,python,2,7,1,0,0,0,0,3,3,0,0,none
557723563,projects/0/557723563-1fdc54433fb6188e570b0247e17c746597ecab89/python-hacked-bluetickhrm-1fdc544/venv/Lib/site-packages/jinja2/debug.py.functions/76-1,fake_traceback,76:1,python,72,213,2,0,0,4,2,8,1,0,0,none
332934941,projects/0/332934941-087877be1c9716109978be284ea74e2a47e9b522/azufre-Scrapy-087877b/env/Lib/importlib/_bootstrap.py.functions/1054-1,_calc___package__,1054:1,python,25,109,5,0,0,3,2,5,1,0,0,none
332934941,projects/0/332934941-087877be1c9716109978be284ea74e2a47e9b522/azufre-Scrapy-087877b/env/Lib/importlib/_bootstrap.py.functions/1081-1,__import__,1081:1,python,35,149,3,0,0,4,2,11,2,0,0,none
726697627,projects/0/726697627-d66d73ad016cbbd9b598706c4e88e27f0845a00e/nasttymain-SecondLF-d66d73a/secondlf.py.functions/33-1,app_init,33:1,python,113,535,1,6,2,11,5,79,3,0,0,none
41652700,projects/0/41652700-b50b7d8738cba5e2a4865b381185f646a96c872c/imharrywu-v8-b50b7d8/third_party/python/Lib/ctypes/test/__init__.py.functions/61-1,get_tests,61:1,python,24,106,1,2,2,5,2,14,2,0,0,none
829743320,projects/0/829743320-491e7bcdf5c41f698e5ea5ed25c5d225e71c9e42/physwizz-A245-U-u5-491e7bc/prebuilts/build-tools/common/py3-stdlib/cProfile.py.functions/18-1,runctx,18:1,python,3,19,2,0,0,0,0,2,2,0,0,none
829743320,projects/0/829743320-491e7bcdf5c41f698e5ea5ed25c5d225e71c9e42/physwizz-A245-U-u5-491e7bc/prebuilts/build-tools/common/py3-stdlib/cProfile.py.functions/97-5,runctx,97:5,python,7,18,2,0,0,0,0,3,1,0,0,none
41652700,projects/0/41652700-b50b7d8738cba5e2a4865b381185f646a96c872c/imharrywu-v8-b50b7d8/third_party/python/Lib/site-packages/setuptools/command/egg_info.py.functions/197-5,get_svn_revision,197:5,python,4,17,1,0,0,1,1,4,3,0,0,none
332934941,projects/0/332934941-087877be1c9716109978be284ea74e2a47e9b522/azufre-Scrapy-087877b/env/Lib/os.py.functions/37-1,_exists,37:1,python,2,7,1,0,0,0,0,1,1,0,0,none
557723563,projects/0/557723563-1fdc54433fb6188e570b0247e17c746597ecab89/python-hacked-bluetickhrm-1fdc544/venv/Lib/site-packages/jinja2/sandbox.py.functions/252-5,__init__,252:5,python,5,28,1,0,0,0,0,4,2,0,0,none
41652700,projects/0/41652700-b50b7d8738cba5e2a4865b381185f646a96c872c/imharrywu-v8-b50b7d8/third_party/python/Lib/profile.py.functions/69-1,runctx,69:1,python,16,59,2,0,0,1,1,4,1,0,0,none
41652700,projects/0/41652700-b50b7d8738cba5e2a4865b381185f646a96c872c/imharrywu-v8-b50b7d8/third_party/python/Lib/profile.py.functions/440-5,runctx,440:5,python,8,25,2,0,0,0,0,3,1,0,0,none
41652700,projects/0/41652700-b50b7d8738cba5e2a4865b381185f646a96c872c/imharrywu-v8-b50b7d8/third_party/python/Lib/profile.py.functions/510-5,_calibrate_inner,510:5,python,61,142,1,3,1,6,1,15,2,0,0,none
41652700,projects/0/41652700-b50b7d8738cba5e2a4865b381185f646a96c872c/imharrywu-v8-b50b7d8/third_party/python/Lib/distutils/sysconfig.py.functions/440-1,get_config_vars,440:1,python,37,124,1,1,1,4,2,6,2,0,0,none
829743320,projects/0/829743320-491e7bcdf5c41f698e5ea5ed25c5d225e71c9e42/physwizz-A245-U-u5-491e7bc/prebuilts/clang/host/linux-x86/clang-r416183b/python3/lib/python3.9/site-packages/pkg_resources/__init__.py.functions/136-1,_declare_state,136:1,python,3,13,1,0,0,0,0,4,2,0,0,none
829743320,projects/0/829743320-491e7bcdf5c41f698e5ea5ed25c5d225e71c9e42/physwizz-A245-U-u5-491e7bc/prebuilts/clang/host/linux-x86/clang-r416183b/python3/lib/python3.9/site-packages/pkg_resources/__init__.py.functions/141-1,__getstate__,141:1,python,6,20,1,1,1,0,0,3,1,0,0,none
829743320,projects/0/829743320-491e7bcdf5c41f698e5ea5ed25c5d225e71c9e42/physwizz-A245-U-u5-491e7bc/prebuilts/clang/host/linux-x86/clang-r416183b/python3/lib/python3.9/site-packages/pkg_resources/__init__.py.functions/149-1,__setstate__,149:1,python,5,21,1,1,1,0,0,3,1,0,0,none
829743320,projects/0/829743320-491e7bcdf5c41f698e5ea5ed25c5d225e71c9e42/physwizz-A245-U-u5-491e7bc/prebuilts/clang/host/linux-x86/clang-r416183b/python3/lib/python3.9/site-packages/pkg_resources/__init__.py.functions/3066-1,issue_warning,3066:1,python,11,28,1,1,1,0,0,3,1,0,0,none
829743320,projects/0/829743320-491e7bcdf5c41f698e5ea5ed25c5d225e71c9e42/physwizz-A245-U-u5-491e7bc/prebuilts/clang/host/linux-x86/clang-r416183b/python3/lib/python3.9/site-packages/pkg_resources/__init__.py.functions/3245-1,_initialize,3245:1,python,9,34,1,0,0,0,0,6,2,0,0,none
829743320,projects/0/829743320-491e7bcdf5c41f698e5ea5ed25c5d225e71c9e42/physwizz-A245-U-u5-491e7bc/prebuilts/clang/host/linux-x86/clang-r416183b/python3/lib/python3.9/site-packages/pkg_resources/__init__.py.functions/3257-1,_initialize_master_working_set,3257:1,python,37,99,1,0,0,0,0,11,2,0,0,none
118961249,projects/0/118961249-99262e1f53617d2ea1d64fe2e8ddf9fced51426b/SSDeepthiKatta-Python-99262e1/LAB2/SourceCode/LAB2/venv/Lib/importlib/_bootstrap.py.functions/1035-1,_calc___package__,1035:1,python,25,109,5,0,0,3,2,5,1,0,0,none
118961249,projects/0/118961249-99262e1f53617d2ea1d64fe2e8ddf9fced51426b/SSDeepthiKatta-Python-99262e1/LAB2/SourceCode/LAB2/venv/Lib/importlib/_bootstrap.py.functions/1062-1,__import__,1062:1,python,33,143,3,0,0,4,2,10,2,0,0,none
557723563,projects/0/557723563-1fdc54433fb6188e570b0247e17c746597ecab89/python-hacked-bluetickhrm-1fdc544/venv/Lib/site-packages/setuptools/depends.py.functions/161-1,_update_globals,161:1,python,13,49,1,1,1,1,1,3,1,0,0,none
557723563,projects/0/557723563-1fdc54433fb6188e570b0247e17c746597ecab89/python-hacked-bluetickhrm-1fdc544/venv/Lib/site-packages/dynaconf/loaders/__init__.py.functions/330-1,write,330:1,python,12,63,1,0,0,2,1,7,2,0,0,none
41652700,projects/0/41652700-b50b7d8738cba5e2a4865b381185f646a96c872c/imharrywu-v8-b50b7d8/third_party/python/Tools/Scripts/pickle2db.py.functions/52-1,usage,52:1,python,2,7,1,0,0,0,0,2,2,0,0,none
92771870,projects/0/92771870-4557e9280d024532812bc92a7ff41f3607d7b3aa/m65v-opendlv.scaledcars-4557e92/opendlv.scaledcars-master/opendlv.scaledcars-master/thirdparty/cxxtest/admin/virtualenv_1.7.py.functions/766-1,main,766:1,python,165,558,3,0,0,14,3,52,2,0,0,none
332934941,projects/0/332934941-087877be1c9716109978be284ea74e2a47e9b522/azufre-Scrapy-087877b/env/Lib/site-packages/setuptools/tests/test_sandbox.py.functions/36-5,test_setup_py_with_CRLF,36:5,python,5,27,1,0,0,0,0,5,2,0,0,none
41652700,projects/0/41652700-b50b7d8738cba5e2a4865b381185f646a96c872c/imharrywu-v8-b50b7d8/third_party/python/Lib/rexec.py.functions/338-5,r_import,338:5,python,10,57,2,0,0,0,0,1,1,0,0,none
829743320,projects/0/829743320-491e7bcdf5c41f698e5ea5ed25c5d225e71c9e42/physwizz-A245-U-u5-491e7bc/prebuilts/build-tools/common/py3-stdlib/sre_constants.py.functions/67-1,_makecodes,67:1,python,5,28,1,0,0,0,0,6,2,0,0,none
557723563,projects/0/557723563-1fdc54433fb6188e570b0247e17c746597ecab89/python-hacked-bluetickhrm-1fdc544/venv/Lib/site-packages/django/utils/version.py.functions/76-1,get_git_changeset,76:1,python,26,112,1,0,0,1,1,8,3,0,0,none
41652700,projects/0/41652700-b50b7d8738cba5e2a4865b381185f646a96c872c/imharrywu-v8-b50b7d8/third_party/python/Lib/xml/sax/__init__.py.functions/98-5,_create_parser,98:5,python,4,18,1,0,0,0,0,3,2,0,0,none
118961249,projects/0/118961249-99262e1f53617d2ea1d64fe2e8ddf9fced51426b/SSDeepthiKatta-Python-99262e1/LAB3/SourceCode/LAB3/venv/Lib/site-packages/pandas/io/packers.py.functions/546-1,decode,546:1,python,135,553,10,0,0,5,2,67,3,0,0,none
829743320,projects/0/829743320-491e7bcdf5c41f698e5ea5ed25c5d225e71c9e42/physwizz-A245-U-u5-491e7bc/prebuilts/clang/host/linux-x86/clang-r416183b/python3/lib/python3.9/site-packages/pip/_vendor/__init__.py.functions/29-1,vendored,29:1,python,15,39,1,0,0,0,0,6,2,0,0,none
41652700,projects/0/41652700-b50b7d8738cba5e2a4865b381185f646a96c872c/imharrywu-v8-b50b7d8/third_party/python/Lib/hotshot/__init__.py.functions/60-5,runctx,60:5,python,9,35,2,0,0,0,0,2,1,0,0,none
332934941,projects/0/332934941-087877be1c9716109978be284ea74e2a47e9b522/azufre-Scrapy-087877b/env/Lib/locale.py.functions/1681-1,_print_locale,1681:1,python,55,168,1,4,1,1,1,40,2,0,0,none
829743320,projects/0/829743320-491e7bcdf5c41f698e5ea5ed25c5d225e71c9e42/physwizz-A245-U-u5-491e7bc/prebuilts/clang/host/linux-x86/clang-r416183b/python3/lib/python3.9/site-packages/setuptools/_distutils/sysconfig.py.functions/450-1,_init_posix,450:1,python,19,59,2,0,0,0,0,10,3,0,0,none
829743320,projects/0/829743320-491e7bcdf5c41f698e5ea5ed25c5d225e71c9e42/physwizz-A245-U-u5-491e7bc/prebuilts/clang/host/linux-x86/clang-r416183b/python3/lib/python3.9/site-packages/setuptools/_distutils/sysconfig.py.functions/490-1,get_config_vars,490:1,python,74,205,1,1,1,10,4,19,2,0,0,none
118961249,projects/0/118961249-99262e1f53617d2ea1d64fe2e8ddf9fced51426b/SSDeepthiKatta-Python-99262e1/LAB3/SourceCode/LAB3/venv/Lib/site-packages/pandas/tests/io/test_packers.py.functions/651-5,_test_compression_warns_when_decompress_caches,651:5,python,51,157,1,4,2,0,0,19,2,0,0,none
118961249,projects/0/118961249-99262e1f53617d2ea1d64fe2e8ddf9fced51426b/SSDeepthiKatta-Python-99262e1/LAB2/SourceCode/LAB2/venv/Lib/site-packages/numpy/distutils/system_info.py.functions/2508-1,show_all,2508:1,python,30,105,1,2,1,8,2,14,2,0,0,none
829743320,projects/0/829743320-491e7bcdf5c41f698e5ea5ed25c5d225e71c9e42/physwizz-A245-U-u5-491e7bc/prebuilts/clang/host/linux-x86/clang-r416183b/python3/lib/python3.9/site-packages/setuptools/depends.py.functions/161-1,_update_globals,161:1,python,13,49,1,1,1,1,1,3,1,0,0,none
41652700,projects/0/41652700-b50b7d8738cba5e2a4865b381185f646a96c872c/imharrywu-v8-b50b7d8/third_party/python/Lib/test/test_profile.py.functions/21-5,do_profiling,21:5,python,13,47,1,1,1,0,0,15,2,0,0,none
41652700,projects/0/41652700-b50b7d8738cba5e2a4865b381185f646a96c872c/imharrywu-v8-b50b7d8/third_party/python/Lib/test/test_profile.py.functions/43-5,test_calling_conventions,43:5,python,18,62,1,1,1,0,0,10,2,0,0,none
41652700,projects/0/41652700-b50b7d8738cba5e2a4865b381185f646a96c872c/imharrywu-v8-b50b7d8/third_party/python/Lib/ihooks.py.functions/362-5,import_module,362:5,python,8,40,1,0,0,2,1,3,1,0,0,none
41652700,projects/0/41652700-b50b7d8738cba5e2a4865b381185f646a96c872c/imharrywu-v8-b50b7d8/third_party/python/Lib/ihooks.py.functions/404-5,import_module,404:5,python,10,44,2,0,0,2,1,6,2,0,0,none
41652700,projects/0/41652700-b50b7d8738cba5e2a4865b381185f646a96c872c/imharrywu-v8-b50b7d8/third_party/python/Lib/ihooks.py.functions/415-5,determine_parent,415:5,python,44,153,7,1,1,9,4,8,1,0,0,none
235417661,projects/0/235417661-e5cf149dcd7d2c62e1f4ca9eea47c05cc6d838c8/wmgroot-aros-e5cf149/aros/aros.py.functions/95-5,load_arguments,95:5,python,14,126,1,0,0,0,0,13,4,0,0,none
829743320,projects/0/829743320-491e7bcdf5c41f698e5ea5ed25c5d225e71c9e42/physwizz-A245-U-u5-491e7bc/prebuilts/clang/host/linux-x86/clang-r416183b/python3/lib/python3.9/site-packages/pip/_vendor/pep517/_in_process.py.functions/250-1,main,250:1,python,27,98,1,0,0,2,1,9,2,0,0,none
829743320,projects/0/829743320-491e7bcdf5c41f698e5ea5ed25c5d225e71c9e42/physwizz-A245-U-u5-491e7bc/prebuilts/clang/host/linux-x86/clang-r416183b/python3/lib/python3.9/site-packages/pip/_internal/commands/debug.py.functions/66-1,get_module_from_module_name,66:1,python,15,25,1,0,0,1,1,6,2,0,0,none
514691046,projects/0/514691046-8142f28146506924955566d25a5bc74bfae6e694/byrongomezjr-npr_podcast_content_aggregator-8142f28/.venv/lib/python3.9/site-packages/pip/_vendor/__init__.py.functions/29-1,vendored,29:1,python,19,39,1,0,0,0,0,6,2,0,0,none
557723563,projects/0/557723563-1fdc54433fb6188e570b0247e17c746597ecab89/python-hacked-bluetickhrm-1fdc544/venv/Lib/site-packages/django/core/management/commands/shell.py.functions/114-5,handle,114:5,python,26,64,2,1,1,3,1,11,2,0,0,none
41652700,projects/0/41652700-b50b7d8738cba5e2a4865b381185f646a96c872c/imharrywu-v8-b50b7d8/third_party/python/Lib/warnings.py.functions/197-1,warn,197:1,python,39,111,7,0,0,7,2,8,1,0,0,none
41652700,projects/0/41652700-b50b7d8738cba5e2a4865b381185f646a96c872c/imharrywu-v8-b50b7d8/third_party/python/Lib/test/test_tools.py.functions/362-1,test_main,362:1,python,3,14,1,0,0,0,0,4,3,0,0,none
829743320,projects/0/829743320-491e7bcdf5c41f698e5ea5ed25c5d225e71c9e42/physwizz-A245-U-u5-491e7bc/prebuilts/build-tools/common/py3-stdlib/turtle.py.functions/3959-1,_make_global_funcs,3959:1,python,11,47,2,1,1,1,1,8,2,0,0,none
41652700,projects/0/41652700-b50b7d8738cba5e2a4865b381185f646a96c872c/imharrywu-v8-b50b7d8/third_party/python/Lib/site-packages/pip/_vendor/pkg_resources/__init__.py.functions/210-1,_declare_state,210:1,python,3,13,1,0,0,0,0,4,2,0,0,none
41652700,projects/0/41652700-b50b7d8738cba5e2a4865b381185f646a96c872c/imharrywu-v8-b50b7d8/third_party/python/Lib/site-packages/pip/_vendor/pkg_resources/__init__.py.functions/214-1,__getstate__,214:1,python,6,20,1,1,1,0,0,3,1,0,0,none
41652700,projects/0/41652700-b50b7d8738cba5e2a4865b381185f646a96c872c/imharrywu-v8-b50b7d8/third_party/python/Lib/site-packages/pip/_vendor/pkg_resources/__init__.py.functions/221-1,__setstate__,221:1,python,5,21,1,1,1,0,0,3,1,0,0,none
41652700,projects/0/41652700-b50b7d8738cba5e2a4865b381185f646a96c872c/imharrywu-v8-b50b7d8/third_party/python/Lib/site-packages/pip/_vendor/pkg_resources/__init__.py.functions/2831-1,issue_warning,2831:1,python,11,28,1,1,1,0,0,3,1,0,0,none
41652700,projects/0/41652700-b50b7d8738cba5e2a4865b381185f646a96c872c/imharrywu-v8-b50b7d8/third_party/python/Lib/site-packages/setuptools/sandbox.py.functions/32-1,_execfile,32:1,python,15,70,3,0,0,2,1,6,1,0,0,none
557723563,projects/0/557723563-1fdc54433fb6188e570b0247e17c746597ecab89/python-hacked-bluetickhrm-1fdc544/venv/Lib/site-packages/PIL/Image.py.functions/346-1,init,346:1,python,20,61,1,1,1,2,1,5,2,0,0,none
41652700,projects/0/41652700-b50b7d8738cba5e2a4865b381185f646a96c872c/imharrywu-v8-b50b7d8/third_party/python/Lib/doctest.py.functions/190-1,_normalize_module,190:1,python,18,102,1,0,0,1,1,7,2,0,0,none
41652700,projects/0/41652700-b50b7d8738cba5e2a4865b381185f646a96c872c/imharrywu-v8-b50b7d8/third_party/python/Lib/doctest.py.functions/2791-1,_test,2791:1,python,23,88,1,1,1,4,2,11,2,0,0,none
829743320,projects/0/829743320-491e7bcdf5c41f698e5ea5ed25c5d225e71c9e42/physwizz-A245-U-u5-491e7bc/prebuilts/build-tools/common/py3-stdlib/collections/__init__.py.functions/55-1,__getattr__,55:1,python,14,61,1,0,0,1,1,4,1,0,0,none
829743320,projects/0/829743320-491e7bcdf5c41f698e5ea5ed25c5d225e71c9e42/physwizz-A245-U-u5-491e7bc/prebuilts/build-tools/common/py3-stdlib/multiprocessing/context.py.functions/204-5,reducer,204:5,python,4,23,1,0,0,0,0,2,2,0,0,none
829743320,projects/0/829743320-491e7bcdf5c41f698e5ea5ed25c5d225e71c9e42/physwizz-A245-U-u5-491e7bc/prebuilts/build-tools/common/py3-stdlib/multiprocessing/context.py.functions/210-5,reducer,210:5,python,2,7,1,0,0,0,0,1,1,0,0,none
41652700,projects/0/41652700-b50b7d8738cba5e2a4865b381185f646a96c872c/imharrywu-v8-b50b7d8/third_party/python/Lib/os.py.functions/518-1,_exists,518:1,python,2,7,1,0,0,0,0,1,1,0,0,none
829743320,projects/0/829743320-491e7bcdf5c41f698e5ea5ed25c5d225e71c9e42/physwizz-A245-U-u5-491e7bc/prebuilts/build-tools/common/py3-stdlib/dataclasses.py.functions/377-1,_create_fn,377:1,python,25,78,2,0,0,3,1,6,2,0,0,none
829743320,projects/0/829743320-491e7bcdf5c41f698e5ea5ed25c5d225e71c9e42/physwizz-A245-U-u5-491e7bc/prebuilts/build-tools/common/py3-stdlib/dataclasses.py.functions/416-1,_field_init,416:1,python,52,87,4,0,0,5,3,1,1,0,0,none
829743320,projects/0/829743320-491e7bcdf5c41f698e5ea5ed25c5d225e71c9e42/physwizz-A245-U-u5-491e7bc/prebuilts/build-tools/common/py3-stdlib/dataclasses.py.functions/489-1,_init_fn,489:1,python,48,122,3,2,1,5,2,8,2,0,0,none
829743320,projects/0/829743320-491e7bcdf5c41f698e5ea5ed25c5d225e71c9e42/physwizz-A245-U-u5-491e7bc/prebuilts/build-tools/common/py3-stdlib/dataclasses.py.functions/539-1,_repr_fn,539:1,python,9,30,3,0,0,0,0,3,2,0,0,none
829743320,projects/0/829743320-491e7bcdf5c41f698e5ea5ed25c5d225e71c9e42/physwizz-A245-U-u5-491e7bc/prebuilts/build-tools/common/py3-stdlib/dataclasses.py.functions/550-1,_frozen_get_del_attr,550:1,python,23,91,5,0,0,1,1,4,2,0,0,none
829743320,projects/0/829743320-491e7bcdf5c41f698e5ea5ed25c5d225e71c9e42/physwizz-A245-U-u5-491e7bc/prebuilts/build-tools/common/py3-stdlib/dataclasses.py.functions/575-1,_cmp_fn,575:1,python,12,27,3,0,0,0,0,1,1,0,0,none
829743320,projects/0/829743320-491e7bcdf5c41f698e5ea5ed25c5d225e71c9e42/physwizz-A245-U-u5-491e7bc/prebuilts/build-tools/common/py3-stdlib/dataclasses.py.functions/589-1,_hash_fn,589:1,python,6,18,3,0,0,0,0,2,1,0,0,none
829743320,projects/0/829743320-491e7bcdf5c41f698e5ea5ed25c5d225e71c9e42/physwizz-A245-U-u5-491e7bc/prebuilts/build-tools/common/py3-stdlib/dataclasses.py.functions/767-1,_hash_set_none,767:1,python,2,7,1,0,0,0,0,0,0,0,0,none
829743320,projects/0/829743320-491e7bcdf5c41f698e5ea5ed25c5d225e71c9e42/physwizz-A245-U-u5-491e7bc/prebuilts/build-tools/common/py3-stdlib/dataclasses.py.functions/770-1,_hash_add,770:1,python,3,26,2,0,0,1,1,1,1,0,0,none
829743320,projects/0/829743320-491e7bcdf5c41f698e5ea5ed25c5d225e71c9e42/physwizz-A245-U-u5-491e7bc/prebuilts/build-tools/common/py3-stdlib/dataclasses.py.functions/774-1,_hash_exception,774:1,python,4,17,1,0,0,0,0,1,1,0,0,none
829743320,projects/0/829743320-491e7bcdf5c41f698e5ea5ed25c5d225e71c9e42/physwizz-A245-U-u5-491e7bc/prebuilts/build-tools/common/py3-stdlib/dataclasses.py.functions/809-1,_process_class,809:1,python,187,428,10,6,2,20,2,47,3,0,0,none
41652700,projects/0/41652700-b50b7d8738cba5e2a4865b381185f646a96c872c/imharrywu-v8-b50b7d8/third_party/python/Lib/ssl.py.functions/114-1,_import_symbols,114:1,python,4,17,1,1,1,1,1,4,1,0,0,none
118961249,projects/0/118961249-99262e1f53617d2ea1d64fe2e8ddf9fced51426b/SSDeepthiKatta-Python-99262e1/LAB3/SourceCode/LAB3/venv/Lib/site-packages/numpy/__config__.py.functions/21-1,get_info,21:1,python,3,13,1,0,0,0,0,3,2,0,0,none
118961249,projects/0/118961249-99262e1f53617d2ea1d64fe2e8ddf9fced51426b/SSDeepthiKatta-Python-99262e1/LAB3/SourceCode/LAB3/venv/Lib/site-packages/numpy/__config__.py.functions/25-1,show,25:1,python,11,54,1,2,2,3,1,10,2,0,0,none
557723563,projects/0/557723563-1fdc54433fb6188e570b0247e17c746597ecab89/python-hacked-bluetickhrm-1fdc544/venv/Lib/site-packages/setuptools/_distutils/sysconfig.py.functions/110-1,get_python_inc,110:1,python,21,115,1,0,0,2,1,3,1,0,0,none
41652700,projects/0/41652700-b50b7d8738cba5e2a4865b381185f646a96c872c/imharrywu-v8-b50b7d8/third_party/python/Lib/lib-tk/turtle.py.functions/3853-1,_make_global_funcs,3853:1,python,11,48,2,1,1,1,1,6,1,0,0,none
118961249,projects/0/118961249-99262e1f53617d2ea1d64fe2e8ddf9fced51426b/SSDeepthiKatta-Python-99262e1/LAB2/SourceCode/LAB2/venv/Lib/site-packages/setuptools/depends.py.functions/171-1,_update_globals,171:1,python,13,49,1,1,1,1,1,3,1,0,0,none
41652700,projects/0/41652700-b50b7d8738cba5e2a4865b381185f646a96c872c/imharrywu-v8-b50b7d8/third_party/python/Lib/site-packages/setuptools/msvc9_support.py.functions/8-1,patch_for_specialized_compiler,8:1,python,18,51,1,0,0,2,1,3,2,0,0,none
41652700,projects/0/41652700-b50b7d8738cba5e2a4865b381185f646a96c872c/imharrywu-v8-b50b7d8/third_party/python/Lib/cProfile.py.functions/39-1,runctx,39:1,python,19,65,2,0,0,1,1,4,1,0,0,none
41652700,projects/0/41652700-b50b7d8738cba5e2a4865b381185f646a96c872c/imharrywu-v8-b50b7d8/third_party/python/Lib/cProfile.py.functions/137-5,runctx,137:5,python,7,19,2,0,0,0,0,2,1,0,0,none
332934941,projects/0/332934941-087877be1c9716109978be284ea74e2a47e9b522/azufre-Scrapy-087877b/env/Lib/site-packages/pip/_vendor/__init__.py.functions/29-1,vendored,29:1,python,19,39,1,0,0,0,0,6,2,0,0,none
332934941,projects/0/332934941-087877be1c9716109978be284ea74e2a47e9b522/azufre-Scrapy-087877b/env/Lib/warnings.py.functions/291-1,warn,291:1,python,39,132,6,1,1,6,2,14,3,0,0,none
761969297,projects/0/761969297-7adb85977c0d225f641021c2cafbcc9aff3a46c6/kila58-qemu-patched-7adb859/python/qemu/utils/qemu_ga_client.py.functions/278-1,send_command,278:1,python,24,86,1,0,0,4,1,16,2,0,0,none
829743320,projects/0/829743320-491e7bcdf5c41f698e5ea5ed25c5d225e71c9e42/physwizz-A245-U-u5-491e7bc/prebuilts/build-tools/common/py3-stdlib/crypt.py.functions/88-1,_add_method,88:1,python,16,51,1,0,0,2,1,6,1,0,0,none
829743320,projects/0/829743320-491e7bcdf5c41f698e5ea5ed25c5d225e71c9e42/physwizz-A245-U-u5-491e7bc/prebuilts/clang/host/linux-x86/clang-r416183b/python3/lib/python3.9/site-packages/pip/_vendor/pkg_resources/__init__.py.functions/137-1,_declare_state,137:1,python,3,13,1,0,0,0,0,4,2,0,0,none
829743320,projects/0/829743320-491e7bcdf5c41f698e5ea5ed25c5d225e71c9e42/physwizz-A245-U-u5-491e7bc/prebuilts/clang/host/linux-x86/clang-r416183b/python3/lib/python3.9/site-packages/pip/_vendor/pkg_resources/__init__.py.functions/142-1,__getstate__,142:1,python,6,20,1,1,1,0,0,3,1,0,0,none
829743320,projects/0/829743320-491e7bcdf5c41f698e5ea5ed25c5d225e71c9e42/physwizz-A245-U-u5-491e7bc/prebuilts/clang/host/linux-x86/clang-r416183b/python3/lib/python3.9/site-packages/pip/_vendor/pkg_resources/__init__.py.functions/150-1,__setstate__,150:1,python,5,21,1,1,1,0,0,3,1,0,0,none
829743320,projects/0/829743320-491e7bcdf5c41f698e5ea5ed25c5d225e71c9e42/physwizz-A245-U-u5-491e7bc/prebuilts/clang/host/linux-x86/clang-r416183b/python3/lib/python3.9/site-packages/pip/_vendor/pkg_resources/__init__.py.functions/3057-1,issue_warning,3057:1,python,11,28,1,1,1,0,0,3,1,0,0,none
829743320,projects/0/829743320-491e7bcdf5c41f698e5ea5ed25c5d225e71c9e42/physwizz-A245-U-u5-491e7bc/prebuilts/clang/host/linux-x86/clang-r416183b/python3/lib/python3.9/site-packages/pip/_vendor/pkg_resources/__init__.py.functions/3240-1,_initialize,3240:1,python,9,34,1,0,0,0,0,6,2,0,0,none
829743320,projects/0/829743320-491e7bcdf5c41f698e5ea5ed25c5d225e71c9e42/physwizz-A245-U-u5-491e7bc/prebuilts/clang/host/linux-x86/clang-r416183b/python3/lib/python3.9/site-packages/pip/_vendor/pkg_resources/__init__.py.functions/3252-1,_initialize_master_working_set,3252:1,python,37,99,1,0,0,0,0,11,2,0,0,none
514691046,projects/0/514691046-8142f28146506924955566d25a5bc74bfae6e694/byrongomezjr-npr_podcast_content_aggregator-8142f28/.venv/lib/python3.9/site-packages/pip/_vendor/pep517/in_process/_in_process.py.functions/332-1,main,332:1,python,28,106,1,0,0,2,1,9,2,0,0,none
41652700,projects/0/41652700-b50b7d8738cba5e2a4865b381185f646a96c872c/imharrywu-v8-b50b7d8/third_party/python/Tools/i18n/pygettext.py.functions/199-1,usage,199:1,python,5,18,1,0,0,1,1,2,1,0,0,none
41652700,projects/0/41652700-b50b7d8738cba5e2a4865b381185f646a96c872c/imharrywu-v8-b50b7d8/third_party/python/Tools/i18n/pygettext.py.functions/264-1,_visit_pyfiles,264:1,python,17,54,1,0,0,2,1,7,2,0,0,none
41652700,projects/0/41652700-b50b7d8738cba5e2a4865b381185f646a96c872c/imharrywu-v8-b50b7d8/third_party/python/Lib/timeit.py.functions/121-5,__init__,121:5,python,35,148,2,0,0,4,2,19,1,0,0,none
118961249,projects/0/118961249-99262e1f53617d2ea1d64fe2e8ddf9fced51426b/SSDeepthiKatta-Python-99262e1/LAB3/SourceCode/LAB3/venv/Lib/site-packages/scipy/sparse/linalg/dsolve/linsolve.py.functions/29-1,use_solver,29:1,python,30,138,1,0,0,2,1,2,1,0,0,none
557723563,projects/0/557723563-1fdc54433fb6188e570b0247e17c746597ecab89/python-hacked-bluetickhrm-1fdc544/venv/Lib/site-packages/pkg_resources/__init__.py.functions/134-1,_declare_state,134:1,python,3,13,1,0,0,0,0,4,2,0,0,none
557723563,projects/0/557723563-1fdc54433fb6188e570b0247e17c746597ecab89/python-hacked-bluetickhrm-1fdc544/venv/Lib/site-packages/pkg_resources/__init__.py.functions/139-1,__getstate__,139:1,python,6,20,1,1,1,0,0,3,1,0,0,none
557723563,projects/0/557723563-1fdc54433fb6188e570b0247e17c746597ecab89/python-hacked-bluetickhrm-1fdc544/venv/Lib/site-packages/pkg_resources/__init__.py.functions/147-1,__setstate__,147:1,python,5,21,1,1,1,0,0,3,1,0,0,none
557723563,projects/0/557723563-1fdc54433fb6188e570b0247e17c746597ecab89/python-hacked-bluetickhrm-1fdc544/venv/Lib/site-packages/pkg_resources/__init__.py.functions/3073-1,issue_warning,3073:1,python,11,28,1,1,1,0,0,3,1,0,0,none
557723563,projects/0/557723563-1fdc54433fb6188e570b0247e17c746597ecab89/python-hacked-bluetickhrm-1fdc544/venv/Lib/site-packages/pkg_resources/__init__.py.functions/3239-1,_initialize,3239:1,python,9,34,1,0,0,0,0,6,2,0,0,none
557723563,projects/0/557723563-1fdc54433fb6188e570b0247e17c746597ecab89/python-hacked-bluetickhrm-1fdc544/venv/Lib/site-packages/pkg_resources/__init__.py.functions/3260-1,_initialize_master_working_set,3260:1,python,37,99,1,0,0,0,0,11,2,0,0,none
557723563,projects/0/557723563-1fdc54433fb6188e570b0247e17c746597ecab89/python-hacked-bluetickhrm-1fdc544/venv/Lib/site-packages/jinja2/environment.py.functions/292-5,__init__,292:5,python,75,193,1,0,0,0,0,7,1,0,0,none
557723563,projects/0/557723563-1fdc54433fb6188e570b0247e17c746597ecab89/python-hacked-bluetickhrm-1fdc544/venv/Lib/site-packages/jinja2/environment.py.functions/951-5,_load_template,951:5,python,23,85,5,0,0,5,3,6,2,0,0,none
557723563,projects/0/557723563-1fdc54433fb6188e570b0247e17c746597ecab89/python-hacked-bluetickhrm-1fdc544/venv/Lib/site-packages/jinja2/environment.py.functions/976-5,get_template,976:5,python,35,186,2,0,0,2,1,3,1,0,0,none
557723563,projects/0/557723563-1fdc54433fb6188e570b0247e17c746597ecab89/python-hacked-bluetickhrm-1fdc544/venv/Lib/site-packages/jinja2/environment.py.functions/1013-5,select_template,1013:5,python,52,238,2,1,1,4,1,7,1,0,0,none
557723563,projects/0/557723563-1fdc54433fb6188e570b0247e17c746597ecab89/python-hacked-bluetickhrm-1fdc544/venv/Lib/site-packages/jinja2/environment.py.functions/1067-5,get_or_select_template,1067:5,python,18,74,3,0,0,1,1,4,1,0,0,none
557723563,projects/0/557723563-1fdc54433fb6188e570b0247e17c746597ecab89/python-hacked-bluetickhrm-1fdc544/venv/Lib/site-packages/jinja2/environment.py.functions/1086-5,from_string,1086:5,python,20,109,2,0,0,0,0,3,2,0,0,none
557723563,projects/0/557723563-1fdc54433fb6188e570b0247e17c746597ecab89/python-hacked-bluetickhrm-1fdc544/venv/Lib/site-packages/jinja2/environment.py.functions/1107-5,make_globals,1107:5,python,21,101,1,0,0,1,1,1,1,0,0,none
557723563,projects/0/557723563-1fdc54433fb6188e570b0247e17c746597ecab89/python-hacked-bluetickhrm-1fdc544/venv/Lib/site-packages/jinja2/environment.py.functions/1211-5,from_code,1211:5,python,15,64,2,0,0,0,0,2,1,0,0,none
557723563,projects/0/557723563-1fdc54433fb6188e570b0247e17c746597ecab89/python-hacked-bluetickhrm-1fdc544/venv/Lib/site-packages/jinja2/environment.py.functions/1228-5,from_module_dict,1228:5,python,12,46,2,0,0,0,0,1,1,0,0,none
557723563,projects/0/557723563-1fdc54433fb6188e570b0247e17c746597ecab89/python-hacked-bluetickhrm-1fdc544/venv/Lib/site-packages/jinja2/environment.py.functions/1242-5,_from_namespace,1242:5,python,26,63,3,0,0,0,0,1,1,0,0,none
557723563,projects/0/557723563-1fdc54433fb6188e570b0247e17c746597ecab89/python-hacked-bluetickhrm-1fdc544/venv/Lib/site-packages/jinja2/environment.py.functions/1375-5,new_context,1375:5,python,16,94,1,0,0,0,0,1,1,0,0,none
557723563,projects/0/557723563-1fdc54433fb6188e570b0247e17c746597ecab89/python-hacked-bluetickhrm-1fdc544/venv/Lib/site-packages/jinja2/environment.py.functions/1424-5,_get_default_module,1424:5,python,25,149,1,0,0,4,2,4,1,0,0,none
557723563,projects/0/557723563-1fdc54433fb6188e570b0247e17c746597ecab89/python-hacked-bluetickhrm-1fdc544/venv/Lib/site-packages/jinja2/environment.py.functions/1450-5,_get_default_module_async,1450:5,python,13,48,1,0,0,3,2,3,1,0,0,none
118961249,projects/0/118961249-99262e1f53617d2ea1d64fe2e8ddf9fced51426b/SSDeepthiKatta-Python-99262e1/LAB2/SourceCode/LAB2/venv/Lib/site-packages/setuptools/sandbox.py.functions/35-1,_execfile,35:1,python,11,37,3,0,0,1,1,4,1,0,0,none
829743320,projects/0/829743320-491e7bcdf5c41f698e5ea5ed25c5d225e71c9e42/physwizz-A245-U-u5-491e7bc/prebuilts/build-tools/common/py3-stdlib/bdb.py.functions/565-5,run,565:5,python,21,70,5,0,0,3,1,6,1,0,0,none
829743320,projects/0/829743320-491e7bcdf5c41f698e5ea5ed25c5d225e71c9e42/physwizz-A245-U-u5-491e7bc/prebuilts/build-tools/common/py3-stdlib/bdb.py.functions/587-5,runeval,587:5,python,19,62,5,0,0,2,1,4,1,0,0,none
829743320,projects/0/829743320-491e7bcdf5c41f698e5ea5ed25c5d225e71c9e42/physwizz-A245-U-u5-491e7bc/prebuilts/build-tools/common/py3-stdlib/bdb.py.functions/607-5,runctx,607:5,python,4,17,2,0,0,0,0,1,1,0,0,none
118961249,projects/0/118961249-99262e1f53617d2ea1d64fe2e8ddf9fced51426b/SSDeepthiKatta-Python-99262e1/LAB2/SourceCode/LAB2/venv/Lib/site-packages/numpy/core/tests/test_api.py.functions/15-1,test_array_array,15:1,python,148,734,1,1,1,6,1,155,4,0,0,none
332934941,projects/0/332934941-087877be1c9716109978be284ea74e2a47e9b522/azufre-Scrapy-087877b/env/Lib/site-packages/pkg_resources/__init__.py.functions/121-1,_declare_state,121:1,python,3,13,1,0,0,0,0,4,2,0,0,none
332934941,projects/0/332934941-087877be1c9716109978be284ea74e2a47e9b522/azufre-Scrapy-087877b/env/Lib/site-packages/pkg_resources/__init__.py.functions/126-1,__getstate__,126:1,python,6,20,1,1,1,0,0,3,1,0,0,none
332934941,projects/0/332934941-087877be1c9716109978be284ea74e2a47e9b522/azufre-Scrapy-087877b/env/Lib/site-packages/pkg_resources/__init__.py.functions/134-1,__setstate__,134:1,python,5,21,1,1,1,0,0,3,1,0,0,none
332934941,projects/0/332934941-087877be1c9716109978be284ea74e2a47e9b522/azufre-Scrapy-087877b/env/Lib/site-packages/pkg_resources/__init__.py.functions/3048-1,issue_warning,3048:1,python,11,28,1,1,1,0,0,3,1,0,0,none
332934941,projects/0/332934941-087877be1c9716109978be284ea74e2a47e9b522/azufre-Scrapy-087877b/env/Lib/site-packages/pkg_resources/__init__.py.functions/3227-1,_initialize,3227:1,python,9,34,1,0,0,0,0,6,2,0,0,none
332934941,projects/0/332934941-087877be1c9716109978be284ea74e2a47e9b522/azufre-Scrapy-087877b/env/Lib/site-packages/pkg_resources/__init__.py.functions/3239-1,_initialize_master_working_set,3239:1,python,37,99,1,0,0,0,0,11,2,0,0,none
41652700,projects/0/41652700-b50b7d8738cba5e2a4865b381185f646a96c872c/imharrywu-v8-b50b7d8/third_party/python/Tools/Scripts/find_recursionlimit.py.functions/90-1,check_limit,90:1,python,16,29,1,0,0,1,1,4,1,0,0,none
557723563,projects/0/557723563-1fdc54433fb6188e570b0247e17c746597ecab89/python-hacked-bluetickhrm-1fdc544/venv/Lib/site-packages/pip/_internal/commands/debug.py.functions/49-1,get_module_from_module_name,49:1,python,9,29,1,0,0,1,1,6,2,0,0,none
332934941,projects/0/332934941-087877be1c9716109978be284ea74e2a47e9b522/azufre-Scrapy-087877b/env/Lib/site-packages/setuptools/sandbox.py.functions/33-1,_execfile,33:1,python,11,37,3,0,0,1,1,4,1,0,0,none
41652700,projects/0/41652700-b50b7d8738cba5e2a4865b381185f646a96c872c/imharrywu-v8-b50b7d8/third_party/python/Lib/bsddb/test/test_all.py.functions/572-1,suite,572:1,python,38,56,1,1,1,1,1,8,2,0,0,none
118961249,projects/0/118961249-99262e1f53617d2ea1d64fe2e8ddf9fced51426b/SSDeepthiKatta-Python-99262e1/LAB2/SourceCode/LAB2/venv/Lib/site-packages/numpy/core/tests/test_multiarray.py.functions/5572-5,test_matmul_inplace,5572:5,python,13,34,1,0,0,0,0,8,2,0,0,none
118961249,projects/0/118961249-99262e1f53617d2ea1d64fe2e8ddf9fced51426b/SSDeepthiKatta-Python-99262e1/LAB3/SourceCode/LAB3/venv/Lib/site-packages/scipy/optimize/nonlin.py.functions/1492-1,_nonlin_wrapper,1492:1,python,39,165,1,0,0,2,1,11,3,0,0,none
118961249,projects/0/118961249-99262e1f53617d2ea1d64fe2e8ddf9fced51426b/SSDeepthiKatta-Python-99262e1/LAB2/SourceCode/LAB2/venv/Lib/site-packages/numpy/__config__.py.functions/18-1,get_info,18:1,python,3,13,1,0,0,0,0,3,2,0,0,none
118961249,projects/0/118961249-99262e1f53617d2ea1d64fe2e8ddf9fced51426b/SSDeepthiKatta-Python-99262e1/LAB2/SourceCode/LAB2/venv/Lib/site-packages/numpy/__config__.py.functions/22-1,show,22:1,python,11,54,1,2,2,3,1,10,2,0,0,none
557723563,projects/0/557723563-1fdc54433fb6188e570b0247e17c746597ecab89/python-hacked-bluetickhrm-1fdc544/venv/Lib/site-packages/pip/_vendor/pkg_resources/__init__.py.functions/137-1,_declare_state,137:1,python,3,13,1,0,0,0,0,4,2,0,0,none
557723563,projects/0/557723563-1fdc54433fb6188e570b0247e17c746597ecab89/python-hacked-bluetickhrm-1fdc544/venv/Lib/site-packages/pip/_vendor/pkg_resources/__init__.py.functions/142-1,__getstate__,142:1,python,6,20,1,1,1,0,0,3,1,0,0,none
557723563,projects/0/557723563-1fdc54433fb6188e570b0247e17c746597ecab89/python-hacked-bluetickhrm-1fdc544/venv/Lib/site-packages/pip/_vendor/pkg_resources/__init__.py.functions/150-1,__setstate__,150:1,python,5,21,1,1,1,0,0,3,1,0,0,none
557723563,projects/0/557723563-1fdc54433fb6188e570b0247e17c746597ecab89/python-hacked-bluetickhrm-1fdc544/venv/Lib/site-packages/pip/_vendor/pkg_resources/__init__.py.functions/3057-1,issue_warning,3057:1,python,11,28,1,1,1,0,0,3,1,0,0,none
557723563,projects/0/557723563-1fdc54433fb6188e570b0247e17c746597ecab89/python-hacked-bluetickhrm-1fdc544/venv/Lib/site-packages/pip/_vendor/pkg_resources/__init__.py.functions/3240-1,_initialize,3240:1,python,9,34,1,0,0,0,0,6,2,0,0,none
557723563,projects/0/557723563-1fdc54433fb6188e570b0247e17c746597ecab89/python-hacked-bluetickhrm-1fdc544/venv/Lib/site-packages/pip/_vendor/pkg_resources/__init__.py.functions/3252-1,_initialize_master_working_set,3252:1,python,37,99,1,0,0,0,0,11,2,0,0,none
118961249,projects/0/118961249-99262e1f53617d2ea1d64fe2e8ddf9fced51426b/SSDeepthiKatta-Python-99262e1/LAB3/SourceCode/LAB3/venv/Lib/site-packages/nltk/lazyimport.py.functions/62-5,__init__,62:5,python,21,69,5,0,0,2,1,1,1,0,0,none
332934941,projects/0/332934941-087877be1c9716109978be284ea74e2a47e9b522/azufre-Scrapy-087877b/env/Lib/collections/__init__.py.functions/42-1,__getattr__,42:1,python,14,61,1,0,0,1,1,4,1,0,0,none
514691046,projects/0/514691046-8142f28146506924955566d25a5bc74bfae6e694/byrongomezjr-npr_podcast_content_aggregator-8142f28/.venv/lib/python3.9/site-packages/pip/_internal/commands/debug.py.functions/53-1,get_module_from_module_name,53:1,python,9,27,1,0,0,1,1,5,2,0,0,none
41652700,projects/0/41652700-b50b7d8738cba5e2a4865b381185f646a96c872c/imharrywu-v8-b50b7d8/third_party/python/Tools/Scripts/db2pickle.py.functions/47-1,usage,47:1,python,2,7,1,0,0,0,0,2,2,0,0,none
332934941,projects/0/332934941-087877be1c9716109978be284ea74e2a47e9b522/azufre-Scrapy-087877b/env/Lib/site-packages/bs4/__init__.py.functions/115-5,__init__,115:5,python,250,941,3,1,1,23,4,45,2,0,0,none
41652700,projects/0/41652700-b50b7d8738cba5e2a4865b381185f646a96c872c/imharrywu-v8-b50b7d8/third_party/python/Lib/test/test_trace.py.functions/194-5,test_exec_counts,194:5,python,20,68,1,1,1,0,0,9,2,0,0,none
41652700,projects/0/41652700-b50b7d8738cba5e2a4865b381185f646a96c872c/imharrywu-v8-b50b7d8/third_party/python/Lib/compiler/symbols.py.functions/16-5,__init__,16:5,python,20,56,1,1,1,2,2,2,2,0,0,none
41652700,projects/0/41652700-b50b7d8738cba5e2a4865b381185f646a96c872c/imharrywu-v8-b50b7d8/third_party/python/Lib/compiler/symbols.py.functions/51-5,add_global,51:5,python,9,44,1,0,0,2,1,2,1,0,0,none
41652700,projects/0/41652700-b50b7d8738cba5e2a4865b381185f646a96c872c/imharrywu-v8-b50b7d8/third_party/python/Lib/compiler/symbols.py.functions/66-5,get_names,66:5,python,6,19,1,0,0,0,0,4,1,0,0,none
41652700,projects/0/41652700-b50b7d8738cba5e2a4865b381185f646a96c872c/imharrywu-v8-b50b7d8/third_party/python/Lib/compiler/symbols.py.functions/79-5,DEBUG,79:5,python,7,43,1,0,0,0,0,0,0,0,0,none
41652700,projects/0/41652700-b50b7d8738cba5e2a4865b381185f646a96c872c/imharrywu-v8-b50b7d8/third_party/python/Lib/compiler/symbols.py.functions/87-5,check_name,87:5,python,17,64,1,0,0,5,1,0,0,0,0,none
41652700,projects/0/41652700-b50b7d8738cba5e2a4865b381185f646a96c872c/imharrywu-v8-b50b7d8/third_party/python/Lib/compiler/symbols.py.functions/105-5,get_free_vars,105:5,python,9,37,1,1,1,2,1,3,1,0,0,none
41652700,projects/0/41652700-b50b7d8738cba5e2a4865b381185f646a96c872c/imharrywu-v8-b50b7d8/third_party/python/Lib/compiler/symbols.py.functions/115-5,handle_children,115:5,python,6,22,2,2,2,0,0,3,1,0,0,none
41652700,projects/0/41652700-b50b7d8738cba5e2a4865b381185f646a96c872c/imharrywu-v8-b50b7d8/third_party/python/Lib/compiler/symbols.py.functions/122-5,force_global,122:5,python,19,110,1,1,1,2,1,2,1,0,0,none
118961249,projects/0/118961249-99262e1f53617d2ea1d64fe2e8ddf9fced51426b/SSDeepthiKatta-Python-99262e1/LAB3/SourceCode/LAB3/venv/Lib/site-packages/scipy/__config__.py.functions/18-1,get_info,18:1,python,3,13,1,0,0,0,0,3,2,0,0,none
118961249,projects/0/118961249-99262e1f53617d2ea1d64fe2e8ddf9fced51426b/SSDeepthiKatta-Python-99262e1/LAB3/SourceCode/LAB3/venv/Lib/site-packages/scipy/__config__.py.functions/22-1,show,22:1,python,11,54,1,2,2,3,1,10,2,0,0,none
557723563,projects/0/557723563-1fdc54433fb6188e570b0247e17c746597ecab89/python-hacked-bluetickhrm-1fdc544/venv/Lib/site-packages/jinja2/meta.py.functions/24-5,enter_frame,24:5,python,7,36,1,1,1,1,1,4,2,0,0,none
41652700,projects/0/41652700-b50b7d8738cba5e2a4865b381185f646a96c872c/imharrywu-v8-b50b7d8/third_party/python/Lib/trace.py.functions/507-5,runctx,507:5,python,10,37,4,0,0,4,1,2,1,0,0,none
118961249,projects/0/118961249-99262e1f53617d2ea1d64fe2e8ddf9fced51426b/SSDeepthiKatta-Python-99262e1/LAB3/SourceCode/LAB3/venv/Lib/site-packages/numpy/core/tests/test_multiarray.py.functions/5639-5,test_matmul_inplace,5639:5,python,13,34,1,0,0,0,0,8,2,0,0,none
41652700,projects/0/41652700-b50b7d8738cba5e2a4865b381185f646a96c872c/imharrywu-v8-b50b7d8/third_party/python/Lib/test/test_builtin.py.functions/355-5,test_eval,355:5,python,25,146,12,0,0,2,1,38,3,0,0,none
41652700,projects/0/41652700-b50b7d8738cba5e2a4865b381185f646a96c872c/imharrywu-v8-b50b7d8/third_party/python/Lib/test/test_builtin.py.functions/381-5,test_general_eval,381:5,python,68,238,3,0,0,2,1,40,2,0,0,none
41652700,projects/0/41652700-b50b7d8738cba5e2a4865b381185f646a96c872c/imharrywu-v8-b50b7d8/third_party/python/Lib/test/test_builtin.py.functions/798-5,test_max,798:5,python,33,156,1,1,1,0,0,31,3,0,0,none
41652700,projects/0/41652700-b50b7d8738cba5e2a4865b381185f646a96c872c/imharrywu-v8-b50b7d8/third_party/python/Lib/test/test_builtin.py.functions/832-5,test_min,832:5,python,45,195,1,1,1,0,0,37,2,0,0,none
41652700,projects/0/41652700-b50b7d8738cba5e2a4865b381185f646a96c872c/imharrywu-v8-b50b7d8/third_party/python/Lib/test/test_builtin.py.functions/1607-5,test_execfile,1607:5,python,37,122,6,0,0,2,1,13,1,0,0,none
557723563,projects/0/557723563-1fdc54433fb6188e570b0247e17c746597ecab89/python-hacked-bluetickhrm-1fdc544/venv/Lib/site-packages/pip/_vendor/__init__.py.functions/29-1,vendored,29:1,python,19,39,1,0,0,0,0,6,2,0,0,none
829743320,projects/0/829743320-491e7bcdf5c41f698e5ea5ed25c5d225e71c9e42/physwizz-A245-U-u5-491e7bc/prebuilts/build-tools/common/py3-stdlib/pdb.py.functions/368-5,default,368:5,python,21,72,2,0,0,1,1,6,3,0,0,none
829743320,projects/0/829743320-491e7bcdf5c41f698e5ea5ed25c5d225e71c9e42/physwizz-A245-U-u5-491e7bc/prebuilts/build-tools/common/py3-stdlib/pdb.py.functions/1091-5,do_debug,1091:5,python,20,93,2,0,0,0,0,11,3,0,0,none
829743320,projects/0/829743320-491e7bcdf5c41f698e5ea5ed25c5d225e71c9e42/physwizz-A245-U-u5-491e7bc/prebuilts/build-tools/common/py3-stdlib/pdb.py.functions/1596-1,run,1596:1,python,2,12,2,0,0,0,0,2,2,0,0,none
829743320,projects/0/829743320-491e7bcdf5c41f698e5ea5ed25c5d225e71c9e42/physwizz-A245-U-u5-491e7bc/prebuilts/build-tools/common/py3-stdlib/pdb.py.functions/1599-1,runeval,1599:1,python,2,13,2,0,0,0,0,2,2,0,0,none
829743320,projects/0/829743320-491e7bcdf5c41f698e5ea5ed25c5d225e71c9e42/physwizz-A245-U-u5-491e7bc/prebuilts/build-tools/common/py3-stdlib/pdb.py.functions/1602-1,runctx,1602:1,python,3,9,2,0,0,0,0,1,1,0,0,none
118961249,projects/0/118961249-99262e1f53617d2ea1d64fe2e8ddf9fced51426b/SSDeepthiKatta-Python-99262e1/LAB2/SourceCode/LAB2/venv/Lib/sre_constants.py.functions/67-1,_makecodes,67:1,python,5,28,1,0,0,0,0,6,2,0,0,none
41652700,projects/0/41652700-b50b7d8738cba5e2a4865b381185f646a96c872c/imharrywu-v8-b50b7d8/third_party/python/Lib/test/test_compile.py.functions/114-5,test_exec_with_general_mapping_for_locals,114:5,python,56,187,1,0,0,2,1,15,2,0,0,none
332934941,projects/0/332934941-087877be1c9716109978be284ea74e2a47e9b522/azufre-Scrapy-087877b/env/Lib/site-packages/wrapt/decorators.py.functions/98-5,__signature__,98:5,python,5,17,1,0,0,1,1,2,1,0,0,none
332934941,projects/0/332934941-087877be1c9716109978be284ea74e2a47e9b522/azufre-Scrapy-087877b/env/Lib/site-packages/wrapt/decorators.py.functions/116-5,__signature__,116:5,python,5,18,1,0,0,1,1,2,1,0,0,none
829743320,projects/0/829743320-491e7bcdf5c41f698e5ea5ed25c5d225e71c9e42/physwizz-A245-U-u5-491e7bc/prebuilts/build-tools/common/py3-stdlib/unittest/__init__.py.functions/87-1,__dir__,87:1,python,2,6,1,0,0,0,0,2,2,0,0,none
829743320,projects/0/829743320-491e7bcdf5c41f698e5ea5ed25c5d225e71c9e42/physwizz-A245-U-u5-491e7bc/prebuilts/build-tools/common/py3-stdlib/importlib/_bootstrap.py.functions/1070-1,_calc___package__,1070:1,python,25,109,5,0,0,3,2,5,1,0,0,none
829743320,projects/0/829743320-491e7bcdf5c41f698e5ea5ed25c5d225e71c9e42/physwizz-A245-U-u5-491e7bc/prebuilts/build-tools/common/py3-stdlib/importlib/_bootstrap.py.functions/1097-1,__import__,1097:1,python,35,149,3,0,0,4,2,11,2,0,0,none
41652700,projects/0/41652700-b50b7d8738cba5e2a4865b381185f646a96c872c/imharrywu-v8-b50b7d8/third_party/python/Lib/locale.py.functions/1990-1,_print_locale,1990:1,python,55,168,1,4,1,1,1,12,2,0,0,none
41652700,projects/0/41652700-b50b7d8738cba5e2a4865b381185f646a96c872c/imharrywu-v8-b50b7d8/third_party/python/Lib/test/test_file_eintr.py.functions/231-1,test_main,231:1,python,5,20,1,0,0,0,0,5,2,0,0,none
41652700,projects/0/41652700-b50b7d8738cba5e2a4865b381185f646a96c872c/imharrywu-v8-b50b7d8/third_party/python/Lib/smtpd.py.functions/98-1,usage,98:1,python,5,18,1,0,0,1,1,2,1,0,0,none
118961249,projects/0/118961249-99262e1f53617d2ea1d64fe2e8ddf9fced51426b/SSDeepthiKatta-Python-99262e1/LAB3/SourceCode/LAB3/venv/Lib/site-packages/scipy/signal/signaltools.py.functions/1590-1,hilbert2,1590:1,python,58,221,1,2,1,5,2,19,2,0,0,none
41652700,projects/0/41652700-b50b7d8738cba5e2a4865b381185f646a96c872c/imharrywu-v8-b50b7d8/third_party/python/Lib/test/test_multiprocessing.py.functions/2247-1,create_test_cases,2247:1,python,16,51,1,1,1,2,2,4,1,0,0,none
41652700,projects/0/41652700-b50b7d8738cba5e2a4865b381185f646a96c872c/imharrywu-v8-b50b7d8/third_party/python/Lib/compiler/ast.py.functions/462-5,__init__,462:5,python,5,20,3,0,0,0,0,0,0,0,0,none
41652700,projects/0/41652700-b50b7d8738cba5e2a4865b381185f646a96c872c/imharrywu-v8-b50b7d8/third_party/python/Lib/compiler/ast.py.functions/468-5,getChildren,468:5,python,6,19,1,0,0,0,0,4,1,0,0,none
41652700,projects/0/41652700-b50b7d8738cba5e2a4865b381185f646a96c872c/imharrywu-v8-b50b7d8/third_party/python/Lib/compiler/ast.py.functions/475-5,getChildNodes,475:5,python,8,31,2,0,0,2,1,4,1,0,0,none
41652700,projects/0/41652700-b50b7d8738cba5e2a4865b381185f646a96c872c/imharrywu-v8-b50b7d8/third_party/python/Lib/compiler/ast.py.functions/484-5,__repr__,484:5,python,2,17,1,0,0,0,0,3,1,0,0,none
41652700,projects/0/41652700-b50b7d8738cba5e2a4865b381185f646a96c872c/imharrywu-v8-b50b7d8/third_party/python/Lib/idlelib/idle_test/htest.py.functions/339-1,run,339:1,python,65,213,2,2,1,3,2,38,2,0,0,none
557723563,projects/0/557723563-1fdc54433fb6188e570b0247e17c746597ecab89/python-hacked-bluetickhrm-1fdc544/venv/Lib/site-packages/jinja2/ext.py.functions/257-5,__init__,257:5,python,11,32,1,0,0,0,0,3,2,0,0,none
557723563,projects/0/557723563-1fdc54433fb6188e570b0247e17c746597ecab89/python-hacked-bluetickhrm-1fdc544/venv/Lib/site-packages/jinja2/ext.py.functions/315-5,_install_callables,315:5,python,23,88,1,0,0,4,2,5,1,0,0,none
557723563,projects/0/557723563-1fdc54433fb6188e570b0247e17c746597ecab89/python-hacked-bluetickhrm-1fdc544/venv/Lib/site-packages/jinja2/ext.py.functions/339-5,_uninstall,339:5,python,3,19,1,1,1,0,0,1,1,0,0,none
557723563,projects/0/557723563-1fdc54433fb6188e570b0247e17c746597ecab89/python-hacked-bluetickhrm-1fdc544/venv/Lib/site-packages/jinja2/runtime.py.functions/91-1,new_context,91:1,python,27,99,4,1,1,5,2,4,1,0,0,none
557723563,projects/0/557723563-1fdc54433fb6188e570b0247e17c746597ecab89/python-hacked-bluetickhrm-1fdc544/venv/Lib/site-packages/jinja2/runtime.py.functions/163-5,__init__,163:5,python,20,83,3,0,0,1,1,5,1,0,0,none
41652700,projects/0/41652700-b50b7d8738cba5e2a4865b381185f646a96c872c/imharrywu-v8-b50b7d8/third_party/python/Lib/lib2to3/fixes/fix_execfile.py.functions/24-5,transform,24:5,python,29,110,3,0,0,2,1,27,2,0,0,none
514691046,projects/0/514691046-8142f28146506924955566d25a5bc74bfae6e694/byrongomezjr-npr_podcast_content_aggregator-8142f28/.venv/lib/python3.9/site-packages/wrapt/decorators.py.functions/99-5,__signature__,99:5,python,5,17,1,0,0,1,1,2,1,0,0,none
514691046,projects/0/514691046-8142f28146506924955566d25a5bc74bfae6e694/byrongomezjr-npr_podcast_content_aggregator-8142f28/.venv/lib/python3.9/site-packages/wrapt/decorators.py.functions/117-5,__signature__,117:5,python,5,18,1,0,0,1,1,2,1,0,0,none
514691046,projects/0/514691046-8142f28146506924955566d25a5bc74bfae6e694/byrongomezjr-npr_podcast_content_aggregator-8142f28/.venv/lib/python3.9/site-packages/django/utils/version.py.functions/74-1,get_git_changeset,74:1,python,27,116,1,0,0,1,1,8,3,0,0,none
41652700,projects/0/41652700-b50b7d8738cba5e2a4865b381185f646a96c872c/imharrywu-v8-b50b7d8/third_party/python/Lib/site-packages/pkg_resources/__init__.py.functions/222-1,_declare_state,222:1,python,3,13,1,0,0,0,0,4,2,0,0,none
41652700,projects/0/41652700-b50b7d8738cba5e2a4865b381185f646a96c872c/imharrywu-v8-b50b7d8/third_party/python/Lib/site-packages/pkg_resources/__init__.py.functions/226-1,__getstate__,226:1,python,6,20,1,1,1,0,0,3,1,0,0,none
41652700,projects/0/41652700-b50b7d8738cba5e2a4865b381185f646a96c872c/imharrywu-v8-b50b7d8/third_party/python/Lib/site-packages/pkg_resources/__init__.py.functions/233-1,__setstate__,233:1,python,5,21,1,1,1,0,0,3,1,0,0,none
41652700,projects/0/41652700-b50b7d8738cba5e2a4865b381185f646a96c872c/imharrywu-v8-b50b7d8/third_party/python/Lib/site-packages/pkg_resources/__init__.py.functions/2843-1,issue_warning,2843:1,python,11,28,1,1,1,0,0,3,1,0,0,none
41652700,projects/0/41652700-b50b7d8738cba5e2a4865b381185f646a96c872c/imharrywu-v8-b50b7d8/third_party/python/Lib/site-packages/pkg_resources/__init__.py.functions/3065-1,_initialize,3065:1,python,7,33,1,1,1,1,1,5,1,0,0,none
41652700,projects/0/41652700-b50b7d8738cba5e2a4865b381185f646a96c872c/imharrywu-v8-b50b7d8/third_party/python/Lib/site-packages/pkg_resources/__init__.py.functions/3075-1,_initialize_master_working_set,3075:1,python,29,86,1,0,0,0,0,9,2,0,0,none
41652700,projects/0/41652700-b50b7d8738cba5e2a4865b381185f646a96c872c/imharrywu-v8-b50b7d8/third_party/python/Lib/test/test_zipimport.py.functions/69-5,doTest,69:5,python,37,109,1,1,1,3,1,26,2,0,0,none
829743320,projects/0/829743320-491e7bcdf5c41f698e5ea5ed25c5d225e71c9e42/physwizz-A245-U-u5-491e7bc/prebuilts/build-tools/common/py3-stdlib/locale.py.functions/1683-1,_print_locale,1683:1,python,55,168,1,4,1,1,1,40,2,0,0,none
41652700,projects/0/41652700-b50b7d8738cba5e2a4865b381185f646a96c872c/imharrywu-v8-b50b7d8/third_party/python/Lib/test/test_decorators.py.functions/27-1,dbcheck,27:1,python,10,47,2,0,0,1,1,4,1,0,0,none
118961249,projects/0/118961249-99262e1f53617d2ea1d64fe2e8ddf9fced51426b/SSDeepthiKatta-Python-99262e1/LAB2/SourceCode/LAB2/venv/Lib/site-packages/pip/_vendor/pkg_resources/__init__.py.functions/215-1,_declare_state,215:1,python,3,13,1,0,0,0,0,4,2,0,0,none
118961249,projects/0/118961249-99262e1f53617d2ea1d64fe2e8ddf9fced51426b/SSDeepthiKatta-Python-99262e1/LAB2/SourceCode/LAB2/venv/Lib/site-packages/pip/_vendor/pkg_resources/__init__.py.functions/220-1,__getstate__,220:1,python,6,20,1,1,1,0,0,3,1,0,0,none
118961249,projects/0/118961249-99262e1f53617d2ea1d64fe2e8ddf9fced51426b/SSDeepthiKatta-Python-99262e1/LAB2/SourceCode/LAB2/venv/Lib/site-packages/pip/_vendor/pkg_resources/__init__.py.functions/228-1,__setstate__,228:1,python,5,21,1,1,1,0,0,3,1,0,0,none
118961249,projects/0/118961249-99262e1f53617d2ea1d64fe2e8ddf9fced51426b/SSDeepthiKatta-Python-99262e1/LAB2/SourceCode/LAB2/venv/Lib/site-packages/pip/_vendor/pkg_resources/__init__.py.functions/2833-1,issue_warning,2833:1,python,11,28,1,1,1,0,0,3,1,0,0,none
118961249,projects/0/118961249-99262e1f53617d2ea1d64fe2e8ddf9fced51426b/SSDeepthiKatta-Python-99262e1/LAB2/SourceCode/LAB2/venv/Lib/site-packages/pip/_vendor/pkg_resources/__init__.py.functions/3009-1,_initialize,3009:1,python,7,33,1,1,1,1,1,5,1,0,0,none
118961249,projects/0/118961249-99262e1f53617d2ea1d64fe2e8ddf9fced51426b/SSDeepthiKatta-Python-99262e1/LAB2/SourceCode/LAB2/venv/Lib/site-packages/pip/_vendor/pkg_resources/__init__.py.functions/3019-1,_initialize_master_working_set,3019:1,python,34,102,1,1,1,0,0,10,2,0,0,none
557723563,projects/0/557723563-1fdc54433fb6188e570b0247e17c746597ecab89/python-hacked-bluetickhrm-1fdc544/venv/Lib/site-packages/pip/_vendor/pyproject_hooks/_in_process/_in_process.py.functions/322-1,main,322:1,python,28,106,1,0,0,2,1,9,2,0,0,none
41652700,projects/0/41652700-b50b7d8738cba5e2a4865b381185f646a96c872c/imharrywu-v8-b50b7d8/third_party/python/Lib/test/crashers/decref_before_assignment.py.functions/36-5,encoding,36:5,python,6,18,1,0,0,0,0,3,1,0,0,none
41652700,projects/0/41652700-b50b7d8738cba5e2a4865b381185f646a96c872c/imharrywu-v8-b50b7d8/third_party/python/Lib/site-packages/pip/_vendor/distlib/_backport/sysconfig.py.functions/89-1,_expand_globals,89:1,python,30,88,3,4,2,4,1,16,2,0,0,none
118961249,projects/0/118961249-99262e1f53617d2ea1d64fe2e8ddf9fced51426b/SSDeepthiKatta-Python-99262e1/LAB3/SourceCode/LAB3/venv/Lib/site-packages/pandas/io/pytables.py.functions/1205-5,_create_storer,1205:5,python,85,250,2,0,0,13,5,38,2,0,0,none
829743320,projects/0/829743320-491e7bcdf5c41f698e5ea5ed25c5d225e71c9e42/physwizz-A245-U-u5-491e7bc/prebuilts/build-tools/common/py3-stdlib/warnings.py.functions/287-1,warn,287:1,python,39,132,6,1,1,6,2,14,3,0,0,none
829743320,projects/0/829743320-491e7bcdf5c41f698e5ea5ed25c5d225e71c9e42/physwizz-A245-U-u5-491e7bc/prebuilts/build-tools/common/py3-stdlib/typing.py.functions/771-5,__reduce__,771:5,python,9,35,1,0,0,2,1,4,1,0,0,none
761969297,projects/0/761969297-7adb85977c0d225f641021c2cafbcc9aff3a46c6/kila58-qemu-patched-7adb859/roms/edk2/BaseTools/Scripts/ConvertMasmToNasm.py.functions/221-5,ConvertAsmFile,221:5,python,37,160,1,0,0,5,2,25,2,0,0,none
761969297,projects/0/761969297-7adb85977c0d225f641021c2cafbcc9aff3a46c6/kila58-qemu-patched-7adb859/roms/edk2/BaseTools/Scripts/ConvertMasmToNasm.py.functions/516-5,NewGlobal,516:5,python,4,23,1,0,0,0,0,3,2,0,0,none
761969297,projects/0/761969297-7adb85977c0d225f641021c2cafbcc9aff3a46c6/kila58-qemu-patched-7adb859/roms/edk2/BaseTools/Scripts/ConvertMasmToNasm.py.functions/563-5,EmitAsmWithComment,563:5,python,17,63,1,1,1,3,2,8,2,0,0,none
829743320,projects/0/829743320-491e7bcdf5c41f698e5ea5ed25c5d225e71c9e42/physwizz-A245-U-u5-491e7bc/prebuilts/clang/host/linux-x86/clang-r416183b/python3/lib/python3.9/site-packages/setuptools/sandbox.py.functions/35-1,_execfile,35:1,python,11,37,3,0,0,1,1,4,1,0,0,none
118961249,projects/0/118961249-99262e1f53617d2ea1d64fe2e8ddf9fced51426b/SSDeepthiKatta-Python-99262e1/LAB3/SourceCode/LAB3/venv/Lib/site-packages/pandas/tests/io/test_pickle.py.functions/62-1,compare,62:1,python,30,83,1,2,2,2,1,8,1,0,0,none
118961249,projects/0/118961249-99262e1f53617d2ea1d64fe2e8ddf9fced51426b/SSDeepthiKatta-Python-99262e1/LAB3/SourceCode/LAB3/venv/Lib/site-packages/nltk/decorators.py.functions/32-1,getinfo,32:1,python,52,177,1,0,0,4,1,10,1,0,0,none
41652700,projects/0/41652700-b50b7d8738cba5e2a4865b381185f646a96c872c/imharrywu-v8-b50b7d8/third_party/python/Lib/test/test_funcattrs.py.functions/63-5,test_func_globals,63:5,python,3,16,1,0,0,0,0,3,2,0,0,none
41652700,projects/0/41652700-b50b7d8738cba5e2a4865b381185f646a96c872c/imharrywu-v8-b50b7d8/third_party/python/Tools/pynche/Main.py.functions/83-1,docstring,83:1,python,2,5,1,0,0,0,0,1,1,0,0,none
41652700,projects/0/41652700-b50b7d8738cba5e2a4865b381185f646a96c872c/imharrywu-v8-b50b7d8/third_party/python/Tools/pynche/Main.py.functions/183-1,main,183:1,python,42,126,1,1,1,2,1,12,1,0,0,none
514691046,projects/0/514691046-8142f28146506924955566d25a5bc74bfae6e694/byrongomezjr-npr_podcast_content_aggregator-8142f28/.venv/lib/python3.9/site-packages/setuptools/_distutils/sysconfig.py.functions/455-1,_init_posix,455:1,python,19,59,2,0,0,0,0,10,3,0,0,none
514691046,projects/0/514691046-8142f28146506924955566d25a5bc74bfae6e694/byrongomezjr-npr_podcast_content_aggregator-8142f28/.venv/lib/python3.9/site-packages/setuptools/_distutils/sysconfig.py.functions/495-1,get_config_vars,495:1,python,74,205,1,1,1,10,4,19,2,0,0,none
92771870,projects/0/92771870-4557e9280d024532812bc92a7ff41f3607d7b3aa/m65v-opendlv.scaledcars-4557e92/opendlv.scaledcars-master/opendlv.scaledcars-master/thirdparty/cxxtest/admin/virtualenv.py.functions/795-1,main,795:1,python,187,616,3,0,0,13,3,56,2,0,0,none
761969297,projects/0/761969297-7adb85977c0d225f641021c2cafbcc9aff3a46c6/kila58-qemu-patched-7adb859/tests/qemu-iotests/qed.py.functions/210-1,usage,210:1,python,7,35,2,1,1,0,0,9,2,0,0,none
761969297,projects/0/761969297-7adb85977c0d225f641021c2cafbcc9aff3a46c6/kila58-qemu-patched-7adb859/tests/qemu-iotests/qed.py.functions/218-1,main,218:1,python,15,52,3,0,0,2,1,12,2,0,0,none
514691046,projects/0/514691046-8142f28146506924955566d25a5bc74bfae6e694/byrongomezjr-npr_podcast_content_aggregator-8142f28/.venv/lib/python3.9/site-packages/pkg_resources/__init__.py.functions/122-1,_declare_state,122:1,python,3,13,1,0,0,0,0,4,2,0,0,none
514691046,projects/0/514691046-8142f28146506924955566d25a5bc74bfae6e694/byrongomezjr-npr_podcast_content_aggregator-8142f28/.venv/lib/python3.9/site-packages/pkg_resources/__init__.py.functions/127-1,__getstate__,127:1,python,6,20,1,1,1,0,0,3,1,0,0,none
514691046,projects/0/514691046-8142f28146506924955566d25a5bc74bfae6e694/byrongomezjr-npr_podcast_content_aggregator-8142f28/.venv/lib/python3.9/site-packages/pkg_resources/__init__.py.functions/135-1,__setstate__,135:1,python,5,21,1,1,1,0,0,3,1,0,0,none
514691046,projects/0/514691046-8142f28146506924955566d25a5bc74bfae6e694/byrongomezjr-npr_podcast_content_aggregator-8142f28/.venv/lib/python3.9/site-packages/pkg_resources/__init__.py.functions/3052-1,issue_warning,3052:1,python,11,28,1,1,1,0,0,3,1,0,0,none
514691046,projects/0/514691046-8142f28146506924955566d25a5bc74bfae6e694/byrongomezjr-npr_podcast_content_aggregator-8142f28/.venv/lib/python3.9/site-packages/pkg_resources/__init__.py.functions/3231-1,_initialize,3231:1,python,9,34,1,0,0,0,0,6,2,0,0,none
514691046,projects/0/514691046-8142f28146506924955566d25a5bc74bfae6e694/byrongomezjr-npr_podcast_content_aggregator-8142f28/.venv/lib/python3.9/site-packages/pkg_resources/__init__.py.functions/3243-1,_initialize_master_working_set,3243:1,python,37,99,1,0,0,0,0,11,2,0,0,none
829743320,projects/0/829743320-491e7bcdf5c41f698e5ea5ed25c5d225e71c9e42/physwizz-A245-U-u5-491e7bc/prebuilts/clang/host/linux-x86/clang-r416183b/python3/lib/python3.9/lib2to3/fixes/fix_execfile.py.functions/24-5,transform,24:5,python,30,105,3,0,0,2,1,29,2,0,0,none
332934941,projects/0/332934941-087877be1c9716109978be284ea74e2a47e9b522/azufre-Scrapy-087877b/env/Lib/site-packages/setuptools/tests/test_find_packages.py.functions/15-1,can_symlink,15:1,python,12,32,1,0,0,0,0,5,2,0,0,none
557723563,projects/0/557723563-1fdc54433fb6188e570b0247e17c746597ecab89/python-hacked-bluetickhrm-1fdc544/venv/Lib/site-packages/pip/_vendor/pygments/unistring.py.functions/82-1,combine,82:1,python,2,11,1,0,0,0,0,2,2,0,0,none
557723563,projects/0/557723563-1fdc54433fb6188e570b0247e17c746597ecab89/python-hacked-bluetickhrm-1fdc544/venv/Lib/site-packages/pip/_vendor/pygments/unistring.py.functions/86-1,allexcept,86:1,python,5,20,1,1,1,0,0,3,2,0,0,none
829743320,projects/0/829743320-491e7bcdf5c41f698e5ea5ed25c5d225e71c9e42/physwizz-A245-U-u5-491e7bc/prebuilts/build-tools/common/py3-stdlib/os.py.functions/41-1,_exists,41:1,python,2,7,1,0,0,0,0,1,1,0,0,none
829743320,projects/0/829743320-491e7bcdf5c41f698e5ea5ed25c5d225e71c9e42/physwizz-A245-U-u5-491e7bc/prebuilts/build-tools/common/py3-stdlib/sysconfig.py.functions/416-1,_init_posix,416:1,python,7,26,1,0,0,0,0,5,2,0,0,none
41652700,projects/0/41652700-b50b7d8738cba5e2a4865b381185f646a96c872c/imharrywu-v8-b50b7d8/third_party/python/Lib/idlelib/EditorWindow.py.functions/1075-5,load_extension,1075:5,python,23,83,1,3,2,3,2,14,2,0,0,none
118961249,projects/0/118961249-99262e1f53617d2ea1d64fe2e8ddf9fced51426b/SSDeepthiKatta-Python-99262e1/LAB3/SourceCode/LAB3/venv/Lib/site-packages/matplotlib/backend_managers.py.functions/343-5,_get_cls_to_instantiate,343:5,python,16,39,3,0,0,3,2,8,2,0,0,none
41652700,projects/0/41652700-b50b7d8738cba5e2a4865b381185f646a96c872c/imharrywu-v8-b50b7d8/third_party/python/Lib/test/test_io.py.functions/3219-1,test_main,3219:1,python,34,120,1,3,2,1,1,14,2,0,0,none
41652700,projects/0/41652700-b50b7d8738cba5e2a4865b381185f646a96c872c/imharrywu-v8-b50b7d8/third_party/python/Lib/test/test_import.py.functions/438-5,import_module,438:5,python,4,15,1,0,0,0,0,2,1,0,0,none
41652700,projects/0/41652700-b50b7d8738cba5e2a4865b381185f646a96c872c/imharrywu-v8-b50b7d8/third_party/python/Lib/bdb.py.functions/389-5,run,389:5,python,17,54,5,0,0,3,1,4,1,0,0,none
41652700,projects/0/41652700-b50b7d8738cba5e2a4865b381185f646a96c872c/imharrywu-v8-b50b7d8/third_party/python/Lib/bdb.py.functions/407-5,runeval,407:5,python,17,54,5,0,0,3,1,5,1,0,0,none
41652700,projects/0/41652700-b50b7d8738cba5e2a4865b381185f646a96c872c/imharrywu-v8-b50b7d8/third_party/python/Lib/bdb.py.functions/425-5,runctx,425:5,python,3,11,2,0,0,0,0,1,1,0,0,none
41652700,projects/0/41652700-b50b7d8738cba5e2a4865b381185f646a96c872c/imharrywu-v8-b50b7d8/third_party/python/Tools/webchecker/webchecker.py.functions/145-1,main,145:1,python,95,228,1,3,1,20,2,15,1,0,0,none
41652700,projects/0/41652700-b50b7d8738cba5e2a4865b381185f646a96c872c/imharrywu-v8-b50b7d8/third_party/python/Lib/ctypes/__init__.py.functions/525-5,DllGetClassObject,525:5,python,7,24,1,0,0,0,0,4,2,0,0,none
41652700,projects/0/41652700-b50b7d8738cba5e2a4865b381185f646a96c872c/imharrywu-v8-b50b7d8/third_party/python/Lib/ctypes/__init__.py.functions/533-5,DllCanUnloadNow,533:5,python,6,17,1,0,0,0,0,4,2,0,0,none
118961249,projects/0/118961249-99262e1f53617d2ea1d64fe2e8ddf9fced51426b/SSDeepthiKatta-Python-99262e1/LAB2/SourceCode/LAB2/venv/Lib/site-packages/numpy/lib/utils.py.functions/372-1,_makenamedict,372:1,python,18,67,1,2,2,3,2,9,2,0,0,none
41652700,projects/0/41652700-b50b7d8738cba5e2a4865b381185f646a96c872c/imharrywu-v8-b50b7d8/third_party/python/Lib/pdb.py.functions/221-5,default,221:5,python,24,82,2,0,0,2,1,4,1,0,0,none
41652700,projects/0/41652700-b50b7d8738cba5e2a4865b381185f646a96c872c/imharrywu-v8-b50b7d8/third_party/python/Lib/pdb.py.functions/712-5,do_debug,712:5,python,11,55,2,0,0,0,0,5,1,0,0,none
41652700,projects/0/41652700-b50b7d8738cba5e2a4865b381185f646a96c872c/imharrywu-v8-b50b7d8/third_party/python/Lib/pdb.py.functions/1237-1,run,1237:1,python,2,12,2,0,0,0,0,2,2,0,0,none
41652700,projects/0/41652700-b50b7d8738cba5e2a4865b381185f646a96c872c/imharrywu-v8-b50b7d8/third_party/python/Lib/pdb.py.functions/1240-1,runeval,1240:1,python,2,13,2,0,0,0,0,2,2,0,0,none
41652700,projects/0/41652700-b50b7d8738cba5e2a4865b381185f646a96c872c/imharrywu-v8-b50b7d8/third_party/python/Lib/pdb.py.functions/1243-1,runctx,1243:1,python,3,9,2,0,0,0,0,1,1,0,0,none
41652700,projects/0/41652700-b50b7d8738cba5e2a4865b381185f646a96c872c/imharrywu-v8-b50b7d8/third_party/python/Tools/Scripts/fixnotice.py.functions/52-1,usage,52:1,python,5,14,1,0,0,1,1,2,1,0,0,none
829743320,projects/0/829743320-491e7bcdf5c41f698e5ea5ed25c5d225e71c9e42/physwizz-A245-U-u5-491e7bc/prebuilts/build-tools/common/py3-stdlib/ctypes/__init__.py.functions/533-5,DllGetClassObject,533:5,python,7,24,1,0,0,0,0,4,2,0,0,none
829743320,projects/0/829743320-491e7bcdf5c41f698e5ea5ed25c5d225e71c9e42/physwizz-A245-U-u5-491e7bc/prebuilts/build-tools/common/py3-stdlib/ctypes/__init__.py.functions/541-5,DllCanUnloadNow,541:5,python,6,17,1,0,0,0,0,4,2,0,0,none
41652700,projects/0/41652700-b50b7d8738cba5e2a4865b381185f646a96c872c/imharrywu-v8-b50b7d8/third_party/python/Lib/test/test_itertools.py.functions/561-5,test_iziplongest,561:5,python,43,211,1,2,1,1,1,70,4,0,0,none
118961249,projects/0/118961249-99262e1f53617d2ea1d64fe2e8ddf9fced51426b/SSDeepthiKatta-Python-99262e1/LAB3/SourceCode/LAB3/venv/Lib/site-packages/pandas/core/dtypes/missing.py.functions/96-1,_use_inf_as_na,96:1,python,25,92,2,0,0,1,1,3,1,0,0,none
332934941,projects/0/332934941-087877be1c9716109978be284ea74e2a47e9b522/azufre-Scrapy-087877b/env/Lib/site-packages/setuptools/depends.py.functions/160-1,_update_globals,160:1,python,13,49,1,1,1,1,1,3,1,0,0,none
118961249,projects/0/118961249-99262e1f53617d2ea1d64fe2e8ddf9fced51426b/SSDeepthiKatta-Python-99262e1/LAB2/SourceCode/LAB2/venv/Lib/site-packages/pip/_vendor/distlib/_backport/sysconfig.py.functions/89-1,_expand_globals,89:1,python,30,88,3,4,2,4,1,16,2,0,0,none
41652700,projects/0/41652700-b50b7d8738cba5e2a4865b381185f646a96c872c/imharrywu-v8-b50b7d8/third_party/python/Lib/test/test_decimal.py.functions/613-5,test_implicit_from_None,613:5,python,2,11,1,0,0,0,0,2,2,0,0,none
41652700,projects/0/41652700-b50b7d8738cba5e2a4865b381185f646a96c872c/imharrywu-v8-b50b7d8/third_party/python/Lib/test/test_decimal.py.functions/622-5,test_implicit_from_string,622:5,python,2,11,1,0,0,0,0,2,2,0,0,none
41652700,projects/0/41652700-b50b7d8738cba5e2a4865b381185f646a96c872c/imharrywu-v8-b50b7d8/third_party/python/Lib/test/test_decimal.py.functions/625-5,test_implicit_from_float,625:5,python,2,12,1,0,0,0,0,2,2,0,0,none
41652700,projects/0/41652700-b50b7d8738cba5e2a4865b381185f646a96c872c/imharrywu-v8-b50b7d8/third_party/python/Lib/site-packages/setuptools/depends.py.functions/201-1,_update_globals,201:1,python,13,49,1,1,1,1,1,3,1,0,0,none
557723563,projects/0/557723563-1fdc54433fb6188e570b0247e17c746597ecab89/python-hacked-bluetickhrm-1fdc544/venv/Lib/site-packages/setuptools/_distutils/command/check.py.functions/73-5,run,73:5,python,18,52,1,0,0,4,2,7,2,0,0,none
41652700,projects/0/41652700-b50b7d8738cba5e2a4865b381185f646a96c872c/imharrywu-v8-b50b7d8/third_party/python/Lib/imputil.py.functions/86-5,_import_hook,86:5,python,62,118,2,0,0,9,2,11,1,0,0,none
41652700,projects/0/41652700-b50b7d8738cba5e2a4865b381185f646a96c872c/imharrywu-v8-b50b7d8/third_party/python/Lib/imputil.py.functions/149-5,_determine_import_context,149:5,python,38,103,6,0,0,3,1,2,1,0,0,none
41652700,projects/0/41652700-b50b7d8738cba5e2a4865b381185f646a96c872c/imharrywu-v8-b50b7d8/third_party/python/Lib/test/regrtest.py.functions/229-1,main,229:1,python,446,1549,2,15,2,58,3,164,3,0,0,none
41652700,projects/0/41652700-b50b7d8738cba5e2a4865b381185f646a96c872c/imharrywu-v8-b50b7d8/third_party/python/Lib/test/regrtest.py.functions/891-1,runtest_inner,891:1,python,76,220,1,0,0,12,1,23,2,0,0,none
118961249,projects/0/118961249-99262e1f53617d2ea1d64fe2e8ddf9fced51426b/SSDeepthiKatta-Python-99262e1/LAB3/SourceCode/LAB3/venv/Lib/site-packages/nltk/test/doctest_nose_plugin.py.functions/49-5,loadTestsFromFileUnicode,49:5,python,43,152,1,0,0,5,3,22,2,0,0,none
118961249,projects/0/118961249-99262e1f53617d2ea1d64fe2e8ddf9fced51426b/SSDeepthiKatta-Python-99262e1/LAB3/SourceCode/LAB3/venv/Lib/site-packages/nltk/stem/snowball.py.functions/94-5,__init__,94:5,python,7,41,1,0,0,1,1,5,2,0,0,none
118961249,projects/0/118961249-99262e1f53617d2ea1d64fe2e8ddf9fced51426b/SSDeepthiKatta-Python-99262e1/LAB2/SourceCode/LAB2/venv/Lib/site-packages/pip/_vendor/__init__.py.functions/29-1,vendored,29:1,python,22,48,2,0,0,0,0,9,2,0,0,none
514691046,projects/0/514691046-8142f28146506924955566d25a5bc74bfae6e694/byrongomezjr-npr_podcast_content_aggregator-8142f28/.venv/lib/python3.9/site-packages/django_extensions/management/commands/shell_plus.py.functions/424-5,get_ptpython,424:5,python,16,51,1,0,0,0,0,4,1,0,0,none
41652700,projects/0/41652700-b50b7d8738cba5e2a4865b381185f646a96c872c/imharrywu-v8-b50b7d8/build/gyp/pylib/gyp/input.py.functions/471-1,CallLoadTargetBuildFile,471:1,python,43,98,1,1,1,1,1,8,1,0,0,none
41652700,projects/0/41652700-b50b7d8738cba5e2a4865b381185f646a96c872c/imharrywu-v8-b50b7d8/build/gyp/pylib/gyp/input.py.functions/568-1,LoadTargetBuildFilesParallel,568:1,python,46,119,3,1,1,4,1,18,2,0,0,none
118961249,projects/0/118961249-99262e1f53617d2ea1d64fe2e8ddf9fced51426b/SSDeepthiKatta-Python-99262e1/LAB3/SourceCode/LAB3/venv/Lib/site-packages/matplotlib/backends/__init__.py.functions/19-1,pylab_setup,19:1,python,77,215,1,0,0,3,1,14,2,0,0,none
829743320,projects/0/829743320-491e7bcdf5c41f698e5ea5ed25c5d225e71c9e42/physwizz-A245-U-u5-491e7bc/prebuilts/build-tools/common/py3-stdlib/sqlite3/test/userfunctions.py.functions/169-5,CheckFuncRefCount,169:5,python,11,30,1,0,0,0,0,5,1,0,0,none
829743320,projects/0/829743320-491e7bcdf5c41f698e5ea5ed25c5d225e71c9e42/physwizz-A245-U-u5-491e7bc/prebuilts/build-tools/common/py3-stdlib/doctest.py.functions/195-1,_normalize_module,195:1,python,18,101,1,0,0,1,1,7,2,0,0,none
118961249,projects/0/118961249-99262e1f53617d2ea1d64fe2e8ddf9fced51426b/SSDeepthiKatta-Python-99262e1/LAB3/SourceCode/LAB3/venv/Lib/site-packages/matplotlib/pyplot.py.functions/1820-1,get_plot_commands,1820:1,python,25,66,1,1,1,2,1,12,3,0,0,none
118961249,projects/0/118961249-99262e1f53617d2ea1d64fe2e8ddf9fced51426b/SSDeepthiKatta-Python-99262e1/LAB3/SourceCode/LAB3/venv/Lib/site-packages/matplotlib/pyplot.py.functions/2137-1,_setup_pyplot_info_docstrings,2137:1,python,50,161,1,2,1,3,2,26,3,0,0,none
41652700,projects/0/41652700-b50b7d8738cba5e2a4865b381185f646a96c872c/imharrywu-v8-b50b7d8/third_party/python/Lib/test/test_pkg.py.functions/64-5,run_code,64:5,python,2,11,1,0,0,0,0,3,2,0,0,none
118961249,projects/0/118961249-99262e1f53617d2ea1d64fe2e8ddf9fced51426b/SSDeepthiKatta-Python-99262e1/LAB2/SourceCode/LAB2/venv/Lib/site-packages/pkg_resources/__init__.py.functions/219-1,_declare_state,219:1,python,3,13,1,0,0,0,0,4,2,0,0,none
118961249,projects/0/118961249-99262e1f53617d2ea1d64fe2e8ddf9fced51426b/SSDeepthiKatta-Python-99262e1/LAB2/SourceCode/LAB2/venv/Lib/site-packages/pkg_resources/__init__.py.functions/224-1,__getstate__,224:1,python,6,20,1,1,1,0,0,3,1,0,0,none
118961249,projects/0/118961249-99262e1f53617d2ea1d64fe2e8ddf9fced51426b/SSDeepthiKatta-Python-99262e1/LAB2/SourceCode/LAB2/venv/Lib/site-packages/pkg_resources/__init__.py.functions/232-1,__setstate__,232:1,python,5,21,1,1,1,0,0,3,1,0,0,none
118961249,projects/0/118961249-99262e1f53617d2ea1d64fe2e8ddf9fced51426b/SSDeepthiKatta-Python-99262e1/LAB2/SourceCode/LAB2/venv/Lib/site-packages/pkg_resources/__init__.py.functions/2960-1,issue_warning,2960:1,python,11,28,1,1,1,0,0,3,1,0,0,none
118961249,projects/0/118961249-99262e1f53617d2ea1d64fe2e8ddf9fced51426b/SSDeepthiKatta-Python-99262e1/LAB2/SourceCode/LAB2/venv/Lib/site-packages/pkg_resources/__init__.py.functions/3136-1,_initialize,3136:1,python,9,34,1,0,0,0,0,6,2,0,0,none
118961249,projects/0/118961249-99262e1f53617d2ea1d64fe2e8ddf9fced51426b/SSDeepthiKatta-Python-99262e1/LAB2/SourceCode/LAB2/venv/Lib/site-packages/pkg_resources/__init__.py.functions/3148-1,_initialize_master_working_set,3148:1,python,37,99,1,0,0,0,0,11,2,0,0,none
41652700,projects/0/41652700-b50b7d8738cba5e2a4865b381185f646a96c872c/imharrywu-v8-b50b7d8/third_party/python/Lib/test/inspect_fodder2.py.functions/53-1,setfunc,53:1,python,2,6,1,0,0,0,0,1,1,0,0,none
829743320,projects/0/829743320-491e7bcdf5c41f698e5ea5ed25c5d225e71c9e42/physwizz-A245-U-u5-491e7bc/prebuilts/clang/host/linux-x86/clang-r416183b/python3/lib/python3.9/site-packages/pip/_vendor/distlib/_backport/sysconfig.py.functions/89-1,_expand_globals,89:1,python,30,88,3,4,2,4,1,16,2,0,0,none
761969297,projects/0/761969297-7adb85977c0d225f641021c2cafbcc9aff3a46c6/kila58-qemu-patched-7adb859/scripts/tracetool/__init__.py.functions/388-1,try_import,388:1,python,24,90,1,0,0,1,1,5,2,0,0,none
41652700,projects/0/41652700-b50b7d8738cba5e2a4865b381185f646a96c872c/imharrywu-v8-b50b7d8/build/gyp/pylib/gyp/__init__.py.functions/50-1,Load,50:1,python,82,196,1,1,1,6,2,25,2,0,0,none
118961249,projects/0/118961249-99262e1f53617d2ea1d64fe2e8ddf9fced51426b/SSDeepthiKatta-Python-99262e1/LAB2/SourceCode/LAB2/venv/Lib/warnings.py.functions/269-1,warn,269:1,python,51,160,7,1,1,10,2,17,3,0,0,none
829743320,projects/0/829743320-491e7bcdf5c41f698e5ea5ed25c5d225e71c9e42/physwizz-A245-U-u5-491e7bc/prebuilts/build-tools/common/py3-stdlib/xml/sax/__init__.py.functions/97-5,_create_parser,97:5,python,4,18,1,0,0,0,0,3,2,0,0,none
118961249,projects/0/118961249-99262e1f53617d2ea1d64fe2e8ddf9fced51426b/SSDeepthiKatta-Python-99262e1/LAB2/SourceCode/LAB2/venv/Lib/site-packages/numpy/lib/function_base.py.functions/4533-1,add_newdoc,4533:1,python,32,159,1,1,1,1,1,14,3,0,0,none
829743320,projects/0/829743320-491e7bcdf5c41f698e5ea5ed25c5d225e71c9e42/physwizz-A245-U-u5-491e7bc/prebuilts/build-tools/common/py3-stdlib/distutils/sysconfig.py.functions/438-1,_init_posix,438:1,python,14,49,1,0,0,0,0,7,3,0,0,none
829743320,projects/0/829743320-491e7bcdf5c41f698e5ea5ed25c5d225e71c9e42/physwizz-A245-U-u5-491e7bc/prebuilts/build-tools/common/py3-stdlib/distutils/sysconfig.py.functions/473-1,get_config_vars,473:1,python,73,202,1,1,1,9,3,19,2,0,0,none
829743320,projects/0/829743320-491e7bcdf5c41f698e5ea5ed25c5d225e71c9e42/physwizz-A245-U-u5-491e7bc/prebuilts/build-tools/common/py3-stdlib/trace.py.functions/443-5,runctx,443:5,python,12,46,4,0,0,4,1,5,1,0,0,none
829743320,projects/0/829743320-491e7bcdf5c41f698e5ea5ed25c5d225e71c9e42/physwizz-A245-U-u5-491e7bc/prebuilts/build-tools/common/py3-stdlib/smtpd.py.functions/112-1,usage,112:1,python,5,20,1,0,0,1,1,4,2,0,0,none
41652700,projects/0/41652700-b50b7d8738cba5e2a4865b381185f646a96c872c/imharrywu-v8-b50b7d8/third_party/python/Lib/test/test_pyclbr.py.functions/56-5,checkModule,56:5,python,94,330,1,4,2,18,3,36,2,0,0,none
118961249,projects/0/118961249-99262e1f53617d2ea1d64fe2e8ddf9fced51426b/SSDeepthiKatta-Python-99262e1/LAB3/SourceCode/LAB3/venv/Lib/site-packages/pandas/tests/computation/test_eval.py.functions/1765-5,test_no_new_globals,1765:5,python,6,24,2,0,0,0,0,5,2,0,0,none
557723563,projects/0/557723563-1fdc54433fb6188e570b0247e17c746597ecab89/python-hacked-bluetickhrm-1fdc544/venv/Lib/site-packages/jinja2/loaders.py.functions/108-5,load,108:5,python,42,131,4,0,0,4,1,5,1,0,0,none
557723563,projects/0/557723563-1fdc54433fb6188e570b0247e17c746597ecab89/python-hacked-bluetickhrm-1fdc544/venv/Lib/site-packages/jinja2/loaders.py.functions/514-5,load,514:5,python,13,38,2,0,0,0,0,3,1,0,0,none
557723563,projects/0/557723563-1fdc54433fb6188e570b0247e17c746597ecab89/python-hacked-bluetickhrm-1fdc544/venv/Lib/site-packages/jinja2/loaders.py.functions/564-5,load,564:5,python,12,35,2,1,1,0,0,2,1,0,0,none
557723563,projects/0/557723563-1fdc54433fb6188e570b0247e17c746597ecab89/python-hacked-bluetickhrm-1fdc544/venv/Lib/site-packages/jinja2/loaders.py.functions/636-5,load,636:5,python,26,70,4,0,0,2,1,6,1,0,0,none
41652700,projects/0/41652700-b50b7d8738cba5e2a4865b381185f646a96c872c/imharrywu-v8-b50b7d8/third_party/python/Lib/compiler/pycodegen.py.functions/136-5,__init__,136:5,python,5,20,1,1,1,0,0,3,1,0,0,none
41652700,projects/0/41652700-b50b7d8738cba5e2a4865b381185f646a96c872c/imharrywu-v8-b50b7d8/third_party/python/Lib/compiler/pycodegen.py.functions/144-5,getLocals,144:5,python,5,21,1,1,1,1,1,3,1,0,0,none
41652700,projects/0/41652700-b50b7d8738cba5e2a4865b381185f646a96c872c/imharrywu-v8-b50b7d8/third_party/python/Lib/compiler/pycodegen.py.functions/153-5,visitGlobal,153:5,python,3,13,1,1,1,0,0,1,1,0,0,none
41652700,projects/0/41652700-b50b7d8738cba5e2a4865b381185f646a96c872c/imharrywu-v8-b50b7d8/third_party/python/Lib/compiler/pycodegen.py.functions/1066-5,visitExec,1066:5,python,11,38,2,0,0,2,1,6,1,0,0,none
118961249,projects/0/118961249-99262e1f53617d2ea1d64fe2e8ddf9fced51426b/SSDeepthiKatta-Python-99262e1/LAB2/SourceCode/LAB2/venv/Lib/locale.py.functions/1612-1,_print_locale,1612:1,python,55,168,1,4,1,1,1,40,2,0,0,none
829743320,projects/0/829743320-491e7bcdf5c41f698e5ea5ed25c5d225e71c9e42/physwizz-A245-U-u5-491e7bc/prebuilts/build-tools/common/py3-stdlib/profile.py.functions/59-5,runctx,59:5,python,8,26,2,0,0,0,0,3,1,0,0,none
829743320,projects/0/829743320-491e7bcdf5c41f698e5ea5ed25c5d225e71c9e42/physwizz-A245-U-u5-491e7bc/prebuilts/build-tools/common/py3-stdlib/profile.py.functions/93-1,runctx,93:1,python,7,43,2,0,0,0,0,2,2,0,0,none
829743320,projects/0/829743320-491e7bcdf5c41f698e5ea5ed25c5d225e71c9e42/physwizz-A245-U-u5-491e7bc/prebuilts/build-tools/common/py3-stdlib/profile.py.functions/418-5,runctx,418:5,python,8,24,2,0,0,0,0,4,1,0,0,none
829743320,projects/0/829743320-491e7bcdf5c41f698e5ea5ed25c5d225e71c9e42/physwizz-A245-U-u5-491e7bc/prebuilts/build-tools/common/py3-stdlib/profile.py.functions/488-5,_calibrate_inner,488:5,python,61,142,1,3,1,6,1,20,2,0,0,none
557723563,projects/0/557723563-1fdc54433fb6188e570b0247e17c746597ecab89/python-hacked-bluetickhrm-1fdc544/venv/Lib/site-packages/setuptools/sandbox.py.functions/36-1,_execfile,36:1,python,11,37,3,0,0,1,1,4,1,0,0,none
557723563,projects/0/557723563-1fdc54433fb6188e570b0247e17c746597ecab89/python-hacked-bluetickhrm-1fdc544/venv/Lib/site-packages/bs4/__init__.py.functions/122-5,__init__,122:5,python,230,888,3,1,1,22,4,42,2,0,0,none
3975068,projects/0/3975068-2839da1d5215b80ded58ada167c310da4cc9f41a/collective-collective.portlet.actions-2839da1/collective/portlet/actions/locales/updatelocales.py.functions/215-5,get,215:5,python,60,140,1,1,1,7,1,12,2,0,0,none
514691046,projects/0/514691046-8142f28146506924955566d25a5bc74bfae6e694/byrongomezjr-npr_podcast_content_aggregator-8142f28/.venv/lib/python3.9/site-packages/pip/_vendor/pygments/unistring.py.functions/82-1,combine,82:1,python,2,11,1,0,0,0,0,2,2,0,0,none
514691046,projects/0/514691046-8142f28146506924955566d25a5bc74bfae6e694/byrongomezjr-npr_podcast_content_aggregator-8142f28/.venv/lib/python3.9/site-packages/pip/_vendor/pygments/unistring.py.functions/86-1,allexcept,86:1,python,5,20,1,1,1,0,0,3,2,0,0,none
41652700,projects/0/41652700-b50b7d8738cba5e2a4865b381185f646a96c872c/imharrywu-v8-b50b7d8/third_party/python/Lib/test/test_importhooks.py.functions/234-5,testImpWrapper,234:5,python,15,65,1,3,2,1,1,10,2,0,0,none
41652700,projects/0/41652700-b50b7d8738cba5e2a4865b381185f646a96c872c/imharrywu-v8-b50b7d8/third_party/python/Lib/test/test_warnings.py.functions/47-5,setUp,47:5,python,13,33,2,0,0,3,1,6,2,0,0,none
41652700,projects/0/41652700-b50b7d8738cba5e2a4865b381185f646a96c872c/imharrywu-v8-b50b7d8/third_party/python/Lib/test/test_warnings.py.functions/551-5,test_filename_none,551:5,python,11,35,1,0,0,0,0,4,1,0,0,none
41652700,projects/0/41652700-b50b7d8738cba5e2a4865b381185f646a96c872c/imharrywu-v8-b50b7d8/third_party/python/Lib/sqlite3/test/userfunctions.py.functions/155-5,CheckFuncRefCount,155:5,python,11,30,1,0,0,0,0,5,1,0,0,none
118961249,projects/0/118961249-99262e1f53617d2ea1d64fe2e8ddf9fced51426b/SSDeepthiKatta-Python-99262e1/LAB2/SourceCode/LAB2/venv/Lib/os.py.functions/37-1,_exists,37:1,python,2,7,1,0,0,0,0,1,1,0,0,none
41652700,projects/0/41652700-b50b7d8738cba5e2a4865b381185f646a96c872c/imharrywu-v8-b50b7d8/third_party/python/Lib/test/test_code.py.functions/118-5,test_basic,118:5,python,21,45,1,0,0,0,0,9,3,0,0,none
