id,name,language,functions,functions_with_kw,keywords/globals.json,parse_error
829743320,projects/0/829743320-491e7bcdf5c41f698e5ea5ed25c5d225e71c9e42/physwizz-A245-U-u5-491e7bc/prebuilts/build-tools/common/py3-stdlib/timeit.py,python,9,3,3,none
118961249,projects/0/118961249-99262e1f53617d2ea1d64fe2e8ddf9fced51426b/SSDeepthiKatta-Python-99262e1/LAB3/SourceCode/LAB3/venv/Lib/site-packages/matplotlib/testing/compare.py,python,19,0,0,none
829743320,projects/0/829743320-491e7bcdf5c41f698e5ea5ed25c5d225e71c9e42/physwizz-A245-U-u5-491e7bc/prebuilts/clang/host/linux-x86/clang-r416183b/python3/lib/python3.9/lib2to3/pgen2/token.py,python,3,0,0,none
829743320,projects/0/829743320-491e7bcdf5c41f698e5ea5ed25c5d225e71c9e42/physwizz-A245-U-u5-491e7bc/prebuilts/clang/host/linux-x86/clang-r416183b/python3/lib/python3.9/zoneinfo/__init__.py,python,2,1,1,none
557723563,projects/0/557723563-1fdc54433fb6188e570b0247e17c746597ecab89/python-hacked-bluetickhrm-1fdc544/venv/Lib/site-packages/jinja2/debug.py,python,3,1,1,none
829743320,projects/0/829743320-491e7bcdf5c41f698e5ea5ed25c5d225e71c9e42/physwizz-A245-U-u5-491e7bc/prebuilts/build-tools/common/py3-stdlib/_sitebuiltins.py,python,9,0,0,none
332934941,projects/0/332934941-087877be1c9716109978be284ea74e2a47e9b522/azufre-Scrapy-087877b/env/Lib/importlib/_bootstrap.py,python,72,2,2,none
761969297,projects/0/761969297-7adb85977c0d225f641021c2cafbcc9aff3a46c6/kila58-qemu-patched-7adb859/roms/edk2/BaseTools/Source/Python/Rsa2048Sha256Sign/Rsa2048Sha256Sign.py,python,0,0,0,none
726697627,projects/0/726697627-d66d73ad016cbbd9b598706c4e88e27f0845a00e/nasttymain-SecondLF-d66d73a/secondlf.py,python,13,1,1,none
514691046,projects/0/514691046-8142f28146506924955566d25a5bc74bfae6e694/byrongomezjr-npr_podcast_content_aggregator-8142f28/.venv/lib/python3.9/site-packages/psutil/_psosx.py,python,45,0,0,none
41652700,projects/0/41652700-b50b7d8738cba5e2a4865b381185f646a96c872c/imharrywu-v8-b50b7d8/third_party/python/Lib/ctypes/test/__init__.py,python,11,1,1,none
41652700,projects/0/41652700-b50b7d8738cba5e2a4865b381185f646a96c872c/imharrywu-v8-b50b7d8/third_party/python/Lib/lib2to3/pgen2/token.py,python,3,0,0,none
514691046,projects/0/514691046-8142f28146506924955566d25a5bc74bfae6e694/byrongomezjr-npr_podcast_content_aggregator-8142f28/.venv/lib/python3.9/site-packages/psutil/__init__.py,python,92,0,0,none
829743320,projects/0/829743320-491e7bcdf5c41f698e5ea5ed25c5d225e71c9e42/physwizz-A245-U-u5-491e7bc/prebuilts/build-tools/common/py3-stdlib/cProfile.py,python,13,2,2,none
41652700,projects/0/41652700-b50b7d8738cba5e2a4865b381185f646a96c872c/imharrywu-v8-b50b7d8/third_party/python/Lib/site-packages/setuptools/command/egg_info.py,python,36,1,1,none
332934941,projects/0/332934941-087877be1c9716109978be284ea74e2a47e9b522/azufre-Scrapy-087877b/env/Lib/os.py,python,59,1,1,none
704716381,projects/0/704716381-61e279067d92235fb7503df2b04ba1fbeb5c296f/nico-ig-UDP-Video-Streaming-61e2790/src/client/handshake/open_stream/Packets.py,python,4,0,0,none
557723563,projects/0/557723563-1fdc54433fb6188e570b0247e17c746597ecab89/python-hacked-bluetickhrm-1fdc544/venv/Lib/site-packages/jinja2/sandbox.py,python,18,1,1,none
41652700,projects/0/41652700-b50b7d8738cba5e2a4865b381185f646a96c872c/imharrywu-v8-b50b7d8/third_party/python/Lib/pydoc_data/topics.py,python,0,0,0,none
41652700,projects/0/41652700-b50b7d8738cba5e2a4865b381185f646a96c872c/imharrywu-v8-b50b7d8/third_party/python/Lib/profile.py,python,32,3,3,none
41652700,projects/0/41652700-b50b7d8738cba5e2a4865b381185f646a96c872c/imharrywu-v8-b50b7d8/third_party/python/Lib/site-packages/_markerlib/__init__.py,python,3,0,0,none
118961249,projects/0/118961249-99262e1f53617d2ea1d64fe2e8ddf9fced51426b/SSDeepthiKatta-Python-99262e1/LAB2/SourceCode/LAB2/venv/Lib/site-packages/numpy/_globals.py,python,0,0,0,none
514691046,projects/0/514691046-8142f28146506924955566d25a5bc74bfae6e694/byrongomezjr-npr_podcast_content_aggregator-8142f28/.venv/lib/python3.9/site-packages/click/decorators.py,python,18,0,0,none
761969297,projects/0/761969297-7adb85977c0d225f641021c2cafbcc9aff3a46c6/kila58-qemu-patched-7adb859/roms/edk2/BaseTools/Scripts/DetectNotUsedItem.py,python,12,0,0,none
41652700,projects/0/41652700-b50b7d8738cba5e2a4865b381185f646a96c872c/imharrywu-v8-b50b7d8/third_party/python/Lib/distutils/sysconfig.py,python,15,1,1,none
829743320,projects/0/829743320-491e7bcdf5c41f698e5ea5ed25c5d225e71c9e42/physwizz-A245-U-u5-491e7bc/prebuilts/clang/host/linux-x86/clang-r416183b/python3/lib/python3.9/site-packages/pkg_resources/__init__.py,python,250,6,6,none
118961249,projects/0/118961249-99262e1f53617d2ea1d64fe2e8ddf9fced51426b/SSDeepthiKatta-Python-99262e1/LAB2/SourceCode/LAB2/venv/Lib/importlib/_bootstrap.py,python,74,2,2,none
557723563,projects/0/557723563-1fdc54433fb6188e570b0247e17c746597ecab89/python-hacked-bluetickhrm-1fdc544/venv/Lib/site-packages/setuptools/depends.py,python,10,1,1,none
557723563,projects/0/557723563-1fdc54433fb6188e570b0247e17c746597ecab89/python-hacked-bluetickhrm-1fdc544/venv/Lib/site-packages/dynaconf/loaders/__init__.py,python,8,1,1,none
704716381,projects/0/704716381-61e279067d92235fb7503df2b04ba1fbeb5c296f/nico-ig-UDP-Video-Streaming-61e2790/src/server/handshake/open_stream/OpenStream.py,python,6,0,0,none
41652700,projects/0/41652700-b50b7d8738cba5e2a4865b381185f646a96c872c/imharrywu-v8-b50b7d8/third_party/python/Tools/Scripts/pickle2db.py,python,2,1,1,none
829743320,projects/0/829743320-491e7bcdf5c41f698e5ea5ed25c5d225e71c9e42/physwizz-A245-U-u5-491e7bc/prebuilts/build-tools/common/py3-stdlib/token.py,python,3,0,0,none
92771870,projects/0/92771870-4557e9280d024532812bc92a7ff41f3607d7b3aa/m65v-opendlv.scaledcars-4557e92/opendlv.scaledcars-master/opendlv.scaledcars-master/thirdparty/cxxtest/admin/virtualenv_1.7.py,python,56,1,1,none
41652700,projects/0/41652700-b50b7d8738cba5e2a4865b381185f646a96c872c/imharrywu-v8-b50b7d8/third_party/python/Lib/runpy.py,python,16,0,0,none
332934941,projects/0/332934941-087877be1c9716109978be284ea74e2a47e9b522/azufre-Scrapy-087877b/env/Lib/site-packages/setuptools/tests/test_sandbox.py,python,11,1,1,none
41652700,projects/0/41652700-b50b7d8738cba5e2a4865b381185f646a96c872c/imharrywu-v8-b50b7d8/third_party/python/Lib/rexec.py,python,51,1,1,64:14
829743320,projects/0/829743320-491e7bcdf5c41f698e5ea5ed25c5d225e71c9e42/physwizz-A245-U-u5-491e7bc/prebuilts/build-tools/common/py3-stdlib/sre_constants.py,python,5,1,1,none
557723563,projects/0/557723563-1fdc54433fb6188e570b0247e17c746597ecab89/python-hacked-bluetickhrm-1fdc544/venv/Lib/site-packages/django/utils/version.py,python,6,1,1,none
514691046,projects/0/514691046-8142f28146506924955566d25a5bc74bfae6e694/byrongomezjr-npr_podcast_content_aggregator-8142f28/.venv/lib/python3.9/site-packages/pip/_vendor/pyparsing/__init__.py,python,3,0,0,none
41652700,projects/0/41652700-b50b7d8738cba5e2a4865b381185f646a96c872c/imharrywu-v8-b50b7d8/third_party/python/Lib/xml/sax/__init__.py,python,5,1,1,none
118961249,projects/0/118961249-99262e1f53617d2ea1d64fe2e8ddf9fced51426b/SSDeepthiKatta-Python-99262e1/LAB3/SourceCode/LAB3/venv/Lib/site-packages/pandas/io/packers.py,python,18,1,1,none
41652700,projects/0/41652700-b50b7d8738cba5e2a4865b381185f646a96c872c/imharrywu-v8-b50b7d8/third_party/python/Lib/ConfigParser.py,python,44,0,0,none
829743320,projects/0/829743320-491e7bcdf5c41f698e5ea5ed25c5d225e71c9e42/physwizz-A245-U-u5-491e7bc/prebuilts/build-tools/common/py3-stdlib/asyncio/windows_utils.py,python,10,0,0,none
829743320,projects/0/829743320-491e7bcdf5c41f698e5ea5ed25c5d225e71c9e42/physwizz-A245-U-u5-491e7bc/prebuilts/clang/host/linux-x86/clang-r416183b/python3/lib/python3.9/site-packages/pip/_vendor/__init__.py,python,1,1,1,none
118961249,projects/0/118961249-99262e1f53617d2ea1d64fe2e8ddf9fced51426b/SSDeepthiKatta-Python-99262e1/LAB2/SourceCode/LAB2/venv/Lib/site-packages/numpy/distutils/ccompiler.py,python,17,0,0,none
41652700,projects/0/41652700-b50b7d8738cba5e2a4865b381185f646a96c872c/imharrywu-v8-b50b7d8/third_party/python/Lib/hotshot/__init__.py,python,9,1,1,none
514691046,projects/0/514691046-8142f28146506924955566d25a5bc74bfae6e694/byrongomezjr-npr_podcast_content_aggregator-8142f28/.venv/lib/python3.9/site-packages/psutil/_psbsd.py,python,58,0,0,none
332934941,projects/0/332934941-087877be1c9716109978be284ea74e2a47e9b522/azufre-Scrapy-087877b/env/Lib/locale.py,python,31,1,1,none
557723563,projects/0/557723563-1fdc54433fb6188e570b0247e17c746597ecab89/python-hacked-bluetickhrm-1fdc544/venv/Lib/site-packages/click/core.py,python,133,0,0,none
557723563,projects/0/557723563-1fdc54433fb6188e570b0247e17c746597ecab89/python-hacked-bluetickhrm-1fdc544/venv/Scripts/knox-script.py,python,1,0,0,none
829743320,projects/0/829743320-491e7bcdf5c41f698e5ea5ed25c5d225e71c9e42/physwizz-A245-U-u5-491e7bc/prebuilts/clang/host/linux-x86/clang-r416183b/python3/lib/python3.9/site-packages/setuptools/_distutils/sysconfig.py,python,16,2,2,none
41652700,projects/0/41652700-b50b7d8738cba5e2a4865b381185f646a96c872c/imharrywu-v8-b50b7d8/third_party/python/Lib/test/test_descrtut.py,python,13,0,0,none
761969297,projects/0/761969297-7adb85977c0d225f641021c2cafbcc9aff3a46c6/kila58-qemu-patched-7adb859/roms/edk2/BaseTools/Scripts/ConvertFceToStructurePcd.py,python,41,0,0,none
118961249,projects/0/118961249-99262e1f53617d2ea1d64fe2e8ddf9fced51426b/SSDeepthiKatta-Python-99262e1/LAB3/SourceCode/LAB3/venv/Lib/site-packages/pandas/tests/io/test_packers.py,python,74,1,1,none
514691046,projects/0/514691046-8142f28146506924955566d25a5bc74bfae6e694/byrongomezjr-npr_podcast_content_aggregator-8142f28/.venv/lib/python3.9/site-packages/psutil/_pslinux.py,python,83,0,0,none
118961249,projects/0/118961249-99262e1f53617d2ea1d64fe2e8ddf9fced51426b/SSDeepthiKatta-Python-99262e1/LAB2/SourceCode/LAB2/venv/Lib/site-packages/numpy/distutils/system_info.py,python,71,1,1,none
41652700,projects/0/41652700-b50b7d8738cba5e2a4865b381185f646a96c872c/imharrywu-v8-b50b7d8/third_party/python/Lib/test/test_compiler.py,python,27,0,0,none
41652700,projects/0/41652700-b50b7d8738cba5e2a4865b381185f646a96c872c/imharrywu-v8-b50b7d8/third_party/python/Lib/test/test_scope.py,python,29,0,0,574:18
118961249,projects/0/118961249-99262e1f53617d2ea1d64fe2e8ddf9fced51426b/SSDeepthiKatta-Python-99262e1/LAB3/SourceCode/LAB3/venv/Lib/site-packages/scipy/spatial/setup.py,python,1,0,0,none
829743320,projects/0/829743320-491e7bcdf5c41f698e5ea5ed25c5d225e71c9e42/physwizz-A245-U-u5-491e7bc/prebuilts/clang/host/linux-x86/clang-r416183b/python3/lib/python3.9/site-packages/setuptools/depends.py,python,10,1,1,none
514691046,projects/0/514691046-8142f28146506924955566d25a5bc74bfae6e694/byrongomezjr-npr_podcast_content_aggregator-8142f28/.venv/lib/python3.9/site-packages/click/utils.py,python,30,0,0,none
118961249,projects/0/118961249-99262e1f53617d2ea1d64fe2e8ddf9fced51426b/SSDeepthiKatta-Python-99262e1/LAB2/SourceCode/LAB2/venv/Lib/hashlib.py,python,5,0,0,none
41652700,projects/0/41652700-b50b7d8738cba5e2a4865b381185f646a96c872c/imharrywu-v8-b50b7d8/third_party/python/Lib/test/test_profile.py,python,6,2,2,none
41652700,projects/0/41652700-b50b7d8738cba5e2a4865b381185f646a96c872c/imharrywu-v8-b50b7d8/third_party/python/Lib/ihooks.py,python,61,3,3,none
761969297,projects/0/761969297-7adb85977c0d225f641021c2cafbcc9aff3a46c6/kila58-qemu-patched-7adb859/roms/edk2/BaseTools/Source/Python/Capsule/GenerateWindowsDriver.py,python,4,0,0,none
235417661,projects/0/235417661-e5cf149dcd7d2c62e1f4ca9eea47c05cc6d838c8/wmgroot-aros-e5cf149/aros/aros.py,python,22,1,1,none
761969297,projects/0/761969297-7adb85977c0d225f641021c2cafbcc9aff3a46c6/kila58-qemu-patched-7adb859/roms/edk2/BaseTools/Scripts/RunMakefile.py,python,4,0,0,none
829743320,projects/0/829743320-491e7bcdf5c41f698e5ea5ed25c5d225e71c9e42/physwizz-A245-U-u5-491e7bc/prebuilts/clang/host/linux-x86/clang-r416183b/python3/lib/python3.9/site-packages/pip/_vendor/pep517/_in_process.py,python,18,1,1,none
829743320,projects/0/829743320-491e7bcdf5c41f698e5ea5ed25c5d225e71c9e42/physwizz-A245-U-u5-491e7bc/prebuilts/clang/host/linux-x86/clang-r416183b/python3/lib/python3.9/site-packages/pip/_internal/commands/debug.py,python,11,1,1,none
118961249,projects/0/118961249-99262e1f53617d2ea1d64fe2e8ddf9fced51426b/SSDeepthiKatta-Python-99262e1/LAB3/SourceCode/LAB3/venv/Lib/site-packages/pandas/core/computation/eval.py,python,7,0,0,none
829743320,projects/0/829743320-491e7bcdf5c41f698e5ea5ed25c5d225e71c9e42/physwizz-A245-U-u5-491e7bc/prebuilts/build-tools/common/py3-stdlib/types.py,python,29,0,0,none
514691046,projects/0/514691046-8142f28146506924955566d25a5bc74bfae6e694/byrongomezjr-npr_podcast_content_aggregator-8142f28/.venv/lib/python3.9/site-packages/psutil/_psaix.py,python,43,0,0,none
118961249,projects/0/118961249-99262e1f53617d2ea1d64fe2e8ddf9fced51426b/SSDeepthiKatta-Python-99262e1/LAB2/SourceCode/LAB2/venv/Lib/re.py,python,19,0,0,none
514691046,projects/0/514691046-8142f28146506924955566d25a5bc74bfae6e694/byrongomezjr-npr_podcast_content_aggregator-8142f28/.venv/lib/python3.9/site-packages/pip/_vendor/__init__.py,python,1,1,1,none
557723563,projects/0/557723563-1fdc54433fb6188e570b0247e17c746597ecab89/python-hacked-bluetickhrm-1fdc544/venv/Lib/site-packages/django/core/management/commands/shell.py,python,5,1,1,none
41652700,projects/0/41652700-b50b7d8738cba5e2a4865b381185f646a96c872c/imharrywu-v8-b50b7d8/third_party/python/Lib/rlcompleter.py,python,6,0,0,none
41652700,projects/0/41652700-b50b7d8738cba5e2a4865b381185f646a96c872c/imharrywu-v8-b50b7d8/third_party/python/Lib/warnings.py,python,18,1,1,none
41652700,projects/0/41652700-b50b7d8738cba5e2a4865b381185f646a96c872c/imharrywu-v8-b50b7d8/third_party/python/Lib/test/test_tools.py,python,14,1,1,none
829743320,projects/0/829743320-491e7bcdf5c41f698e5ea5ed25c5d225e71c9e42/physwizz-A245-U-u5-491e7bc/prebuilts/build-tools/common/py3-stdlib/turtle.py,python,214,1,1,none
118961249,projects/0/118961249-99262e1f53617d2ea1d64fe2e8ddf9fced51426b/SSDeepthiKatta-Python-99262e1/LAB3/SourceCode/LAB3/venv/Lib/site-packages/pandas/core/computation/ops.py,python,50,0,0,none
41652700,projects/0/41652700-b50b7d8738cba5e2a4865b381185f646a96c872c/imharrywu-v8-b50b7d8/third_party/python/Lib/site-packages/pip/_vendor/pkg_resources/__init__.py,python,252,4,4,none
41652700,projects/0/41652700-b50b7d8738cba5e2a4865b381185f646a96c872c/imharrywu-v8-b50b7d8/third_party/python/Lib/site-packages/setuptools/sandbox.py,python,38,1,1,none
829743320,projects/0/829743320-491e7bcdf5c41f698e5ea5ed25c5d225e71c9e42/physwizz-A245-U-u5-491e7bc/prebuilts/build-tools/common/py3-stdlib/multiprocessing/util.py,python,32,0,0,none
557723563,projects/0/557723563-1fdc54433fb6188e570b0247e17c746597ecab89/python-hacked-bluetickhrm-1fdc544/venv/Lib/site-packages/PIL/Image.py,python,140,1,1,none
41652700,projects/0/41652700-b50b7d8738cba5e2a4865b381185f646a96c872c/imharrywu-v8-b50b7d8/third_party/python/Lib/doctest.py,python,104,2,2,1314:22
829743320,projects/0/829743320-491e7bcdf5c41f698e5ea5ed25c5d225e71c9e42/physwizz-A245-U-u5-491e7bc/prebuilts/build-tools/common/py3-stdlib/collections/__init__.py,python,183,1,1,none
829743320,projects/0/829743320-491e7bcdf5c41f698e5ea5ed25c5d225e71c9e42/physwizz-A245-U-u5-491e7bc/prebuilts/build-tools/common/py3-stdlib/multiprocessing/context.py,python,45,2,2,none
41652700,projects/0/41652700-b50b7d8738cba5e2a4865b381185f646a96c872c/imharrywu-v8-b50b7d8/third_party/python/Lib/os.py,python,50,1,1,none
761969297,projects/0/761969297-7adb85977c0d225f641021c2cafbcc9aff3a46c6/kila58-qemu-patched-7adb859/tests/tcg/aarch64/gdbstub/test-sve-ioctl.py,python,4,0,0,none
829743320,projects/0/829743320-491e7bcdf5c41f698e5ea5ed25c5d225e71c9e42/physwizz-A245-U-u5-491e7bc/prebuilts/build-tools/common/py3-stdlib/dataclasses.py,python,42,11,11,none
41652700,projects/0/41652700-b50b7d8738cba5e2a4865b381185f646a96c872c/imharrywu-v8-b50b7d8/third_party/python/Lib/ssl.py,python,56,1,1,none
118961249,projects/0/118961249-99262e1f53617d2ea1d64fe2e8ddf9fced51426b/SSDeepthiKatta-Python-99262e1/LAB3/SourceCode/LAB3/venv/Lib/site-packages/numpy/__config__.py,python,2,2,2,none
557723563,projects/0/557723563-1fdc54433fb6188e570b0247e17c746597ecab89/python-hacked-bluetickhrm-1fdc544/venv/Lib/site-packages/setuptools/_distutils/sysconfig.py,python,21,1,1,none
829743320,projects/0/829743320-491e7bcdf5c41f698e5ea5ed25c5d225e71c9e42/physwizz-A245-U-u5-491e7bc/kernel-5.10/Documentation/conf.py,python,0,0,0,none
41652700,projects/0/41652700-b50b7d8738cba5e2a4865b381185f646a96c872c/imharrywu-v8-b50b7d8/third_party/python/Lib/test/test_doctest.py,python,41,0,0,none
704716381,projects/0/704716381-61e279067d92235fb7503df2b04ba1fbeb5c296f/nico-ig-UDP-Video-Streaming-61e2790/src/client/stream/Stream.py,python,4,0,0,none
829743320,projects/0/829743320-491e7bcdf5c41f698e5ea5ed25c5d225e71c9e42/physwizz-A245-U-u5-491e7bc/prebuilts/build-tools/common/py3-stdlib/http/client.py,python,64,0,0,none
514691046,projects/0/514691046-8142f28146506924955566d25a5bc74bfae6e694/byrongomezjr-npr_podcast_content_aggregator-8142f28/.venv/lib/python3.9/site-packages/pip/_vendor/pygments/lexers/python.py,python,9,0,0,none
514691046,projects/0/514691046-8142f28146506924955566d25a5bc74bfae6e694/byrongomezjr-npr_podcast_content_aggregator-8142f28/.venv/lib/python3.9/site-packages/pip/_vendor/typing_extensions.py,python,110,0,0,none
118961249,projects/0/118961249-99262e1f53617d2ea1d64fe2e8ddf9fced51426b/SSDeepthiKatta-Python-99262e1/LAB2/SourceCode/LAB2/venv/Lib/site-packages/numpy/core/numerictypes.py,python,26,0,0,none
704716381,projects/0/704716381-61e279067d92235fb7503df2b04ba1fbeb5c296f/nico-ig-UDP-Video-Streaming-61e2790/src/client/handshake/register/Register.py,python,5,0,0,none
829743320,projects/0/829743320-491e7bcdf5c41f698e5ea5ed25c5d225e71c9e42/physwizz-A245-U-u5-491e7bc/prebuilts/build-tools/common/py3-stdlib/_pyio.py,python,189,0,0,none
41652700,projects/0/41652700-b50b7d8738cba5e2a4865b381185f646a96c872c/imharrywu-v8-b50b7d8/third_party/python/Lib/lib-tk/turtle.py,python,207,1,1,none
118961249,projects/0/118961249-99262e1f53617d2ea1d64fe2e8ddf9fced51426b/SSDeepthiKatta-Python-99262e1/LAB2/SourceCode/LAB2/venv/Lib/site-packages/setuptools/depends.py,python,10,1,1,none
118961249,projects/0/118961249-99262e1f53617d2ea1d64fe2e8ddf9fced51426b/SSDeepthiKatta-Python-99262e1/LAB2/SourceCode/LAB2/venv/Lib/token.py,python,4,0,0,none
829743320,projects/0/829743320-491e7bcdf5c41f698e5ea5ed25c5d225e71c9e42/physwizz-A245-U-u5-491e7bc/prebuilts/build-tools/common/py3-stdlib/signal.py,python,11,0,0,none
557723563,projects/0/557723563-1fdc54433fb6188e570b0247e17c746597ecab89/python-hacked-bluetickhrm-1fdc544/venv/Lib/site-packages/setuptools/command/build_ext.py,python,24,0,0,none
41652700,projects/0/41652700-b50b7d8738cba5e2a4865b381185f646a96c872c/imharrywu-v8-b50b7d8/third_party/python/Lib/test/test_cmd_line_script.py,python,22,0,0,none
41652700,projects/0/41652700-b50b7d8738cba5e2a4865b381185f646a96c872c/imharrywu-v8-b50b7d8/third_party/python/Lib/site-packages/setuptools/msvc9_support.py,python,3,1,1,none
557723563,projects/0/557723563-1fdc54433fb6188e570b0247e17c746597ecab89/python-hacked-bluetickhrm-1fdc544/venv/Lib/site-packages/pip/_vendor/pyparsing/__init__.py,python,3,0,0,none
41652700,projects/0/41652700-b50b7d8738cba5e2a4865b381185f646a96c872c/imharrywu-v8-b50b7d8/third_party/python/Lib/logging/__init__.py,python,104,0,0,none
41652700,projects/0/41652700-b50b7d8738cba5e2a4865b381185f646a96c872c/imharrywu-v8-b50b7d8/third_party/python/Lib/urllib.py,python,91,0,0,none
557723563,projects/0/557723563-1fdc54433fb6188e570b0247e17c746597ecab89/python-hacked-bluetickhrm-1fdc544/venv/Lib/site-packages/dynaconf/vendor/click/__init__.py,python,0,0,0,none
557723563,projects/0/557723563-1fdc54433fb6188e570b0247e17c746597ecab89/python-hacked-bluetickhrm-1fdc544/venv/Lib/site-packages/dynaconf/vendor/click/termui.py,python,17,0,0,none
829743320,projects/0/829743320-491e7bcdf5c41f698e5ea5ed25c5d225e71c9e42/physwizz-A245-U-u5-491e7bc/prebuilts/build-tools/common/py3-stdlib/runpy.py,python,14,0,0,none
118961249,projects/0/118961249-99262e1f53617d2ea1d64fe2e8ddf9fced51426b/SSDeepthiKatta-Python-99262e1/LAB2/SourceCode/LAB2/venv/Lib/site-packages/pip/baseparser.py,python,20,0,0,none
41652700,projects/0/41652700-b50b7d8738cba5e2a4865b381185f646a96c872c/imharrywu-v8-b50b7d8/third_party/python/Lib/cProfile.py,python,12,2,2,none
332934941,projects/0/332934941-087877be1c9716109978be284ea74e2a47e9b522/azufre-Scrapy-087877b/env/Lib/site-packages/pip/_vendor/__init__.py,python,1,1,1,none
332934941,projects/0/332934941-087877be1c9716109978be284ea74e2a47e9b522/azufre-Scrapy-087877b/env/Lib/warnings.py,python,26,1,1,none
761969297,projects/0/761969297-7adb85977c0d225f641021c2cafbcc9aff3a46c6/kila58-qemu-patched-7adb859/python/qemu/utils/qemu_ga_client.py,python,25,1,1,none
829743320,projects/0/829743320-491e7bcdf5c41f698e5ea5ed25c5d225e71c9e42/physwizz-A245-U-u5-491e7bc/prebuilts/clang/host/linux-x86/clang-r416183b/python3/lib/python3.9/site-packages/pip/_internal/cli/parser.py,python,18,0,0,none
829743320,projects/0/829743320-491e7bcdf5c41f698e5ea5ed25c5d225e71c9e42/physwizz-A245-U-u5-491e7bc/prebuilts/build-tools/common/py3-stdlib/crypt.py,python,4,1,1,none
557723563,projects/0/557723563-1fdc54433fb6188e570b0247e17c746597ecab89/python-hacked-bluetickhrm-1fdc544/venv/Lib/site-packages/pip/_vendor/pygments/lexers/python.py,python,9,0,0,none
557723563,projects/0/557723563-1fdc54433fb6188e570b0247e17c746597ecab89/python-hacked-bluetickhrm-1fdc544/venv/Lib/site-packages/click/utils.py,python,30,0,0,none
514691046,projects/0/514691046-8142f28146506924955566d25a5bc74bfae6e694/byrongomezjr-npr_podcast_content_aggregator-8142f28/.venv/lib/python3.9/site-packages/django/views/i18n.py,python,11,0,0,none
557723563,projects/0/557723563-1fdc54433fb6188e570b0247e17c746597ecab89/python-hacked-bluetickhrm-1fdc544/venv/Lib/site-packages/setuptools/_distutils/msvc9compiler.py,python,27,0,0,none
41652700,projects/0/41652700-b50b7d8738cba5e2a4865b381185f646a96c872c/imharrywu-v8-b50b7d8/build/gyp/pylib/gyp/MSVSProject.py,python,11,0,0,none
829743320,projects/0/829743320-491e7bcdf5c41f698e5ea5ed25c5d225e71c9e42/physwizz-A245-U-u5-491e7bc/prebuilts/clang/host/linux-x86/clang-r416183b/python3/lib/python3.9/site-packages/pip/_vendor/pkg_resources/__init__.py,python,250,6,6,none
41652700,projects/0/41652700-b50b7d8738cba5e2a4865b381185f646a96c872c/imharrywu-v8-b50b7d8/third_party/python/Lib/_pyio.py,python,155,0,0,none
829743320,projects/0/829743320-491e7bcdf5c41f698e5ea5ed25c5d225e71c9e42/physwizz-A245-U-u5-491e7bc/prebuilts/build-tools/common/py3-stdlib/plistlib.py,python,62,0,0,none
514691046,projects/0/514691046-8142f28146506924955566d25a5bc74bfae6e694/byrongomezjr-npr_podcast_content_aggregator-8142f28/.venv/lib/python3.9/site-packages/pip/_vendor/pep517/in_process/_in_process.py,python,23,1,1,none
41652700,projects/0/41652700-b50b7d8738cba5e2a4865b381185f646a96c872c/imharrywu-v8-b50b7d8/third_party/python/Tools/i18n/pygettext.py,python,21,2,2,none
118961249,projects/0/118961249-99262e1f53617d2ea1d64fe2e8ddf9fced51426b/SSDeepthiKatta-Python-99262e1/LAB2/SourceCode/LAB2/venv/Lib/site-packages/numpy/distutils/command/__init__.py,python,1,0,0,none
557723563,projects/0/557723563-1fdc54433fb6188e570b0247e17c746597ecab89/python-hacked-bluetickhrm-1fdc544/venv/Lib/site-packages/click/decorators.py,python,21,0,0,none
41652700,projects/0/41652700-b50b7d8738cba5e2a4865b381185f646a96c872c/imharrywu-v8-b50b7d8/third_party/python/Lib/test/test_runpy.py,python,29,0,0,none
41652700,projects/0/41652700-b50b7d8738cba5e2a4865b381185f646a96c872c/imharrywu-v8-b50b7d8/third_party/python/Lib/distutils/tests/setuptools_build_ext.py,python,15,0,0,none
41652700,projects/0/41652700-b50b7d8738cba5e2a4865b381185f646a96c872c/imharrywu-v8-b50b7d8/third_party/python/Lib/timeit.py,python,9,1,1,none
118961249,projects/0/118961249-99262e1f53617d2ea1d64fe2e8ddf9fced51426b/SSDeepthiKatta-Python-99262e1/LAB3/SourceCode/LAB3/venv/Lib/site-packages/scipy/sparse/linalg/dsolve/linsolve.py,python,7,1,1,none
557723563,projects/0/557723563-1fdc54433fb6188e570b0247e17c746597ecab89/python-hacked-bluetickhrm-1fdc544/venv/Lib/site-packages/pkg_resources/__init__.py,python,250,6,6,none
557723563,projects/0/557723563-1fdc54433fb6188e570b0247e17c746597ecab89/python-hacked-bluetickhrm-1fdc544/venv/Lib/site-packages/jinja2/environment.py,python,69,13,13,none
829743320,projects/0/829743320-491e7bcdf5c41f698e5ea5ed25c5d225e71c9e42/physwizz-A245-U-u5-491e7bc/kernel/prebuilts/kernel-build-tools/linux-x86/bin/mkdtboimg.py,python,5,0,0,1:1
118961249,projects/0/118961249-99262e1f53617d2ea1d64fe2e8ddf9fced51426b/SSDeepthiKatta-Python-99262e1/LAB2/SourceCode/LAB2/venv/Lib/site-packages/setuptools/sandbox.py,python,40,1,1,none
829743320,projects/0/829743320-491e7bcdf5c41f698e5ea5ed25c5d225e71c9e42/physwizz-A245-U-u5-491e7bc/prebuilts/build-tools/common/py3-stdlib/bdb.py,python,59,3,3,none
118961249,projects/0/118961249-99262e1f53617d2ea1d64fe2e8ddf9fced51426b/SSDeepthiKatta-Python-99262e1/LAB2/SourceCode/LAB2/venv/Lib/site-packages/numpy/core/tests/test_api.py,python,9,1,1,none
332934941,projects/0/332934941-087877be1c9716109978be284ea74e2a47e9b522/azufre-Scrapy-087877b/env/Lib/site-packages/pkg_resources/__init__.py,python,251,6,6,none
41652700,projects/0/41652700-b50b7d8738cba5e2a4865b381185f646a96c872c/imharrywu-v8-b50b7d8/third_party/python/Tools/Scripts/find_recursionlimit.py,python,13,1,1,none
557723563,projects/0/557723563-1fdc54433fb6188e570b0247e17c746597ecab89/python-hacked-bluetickhrm-1fdc544/venv/Lib/site-packages/pip/_internal/commands/debug.py,python,11,1,1,none
332934941,projects/0/332934941-087877be1c9716109978be284ea74e2a47e9b522/azufre-Scrapy-087877b/env/Lib/site-packages/setuptools/sandbox.py,python,40,1,1,none
557723563,projects/0/557723563-1fdc54433fb6188e570b0247e17c746597ecab89/python-hacked-bluetickhrm-1fdc544/venv/Lib/site-packages/click/__init__.py,python,0,0,0,none
118961249,projects/0/118961249-99262e1f53617d2ea1d64fe2e8ddf9fced51426b/SSDeepthiKatta-Python-99262e1/LAB2/SourceCode/LAB2/venv/Lib/types.py,python,27,0,0,none
332934941,projects/0/332934941-087877be1c9716109978be284ea74e2a47e9b522/azufre-Scrapy-087877b/env/Lib/hashlib.py,python,5,0,0,none
332934941,projects/0/332934941-087877be1c9716109978be284ea74e2a47e9b522/azufre-Scrapy-087877b/env/Lib/site-packages/pip/_internal/cli/parser.py,python,17,0,0,none
704716381,projects/0/704716381-61e279067d92235fb7503df2b04ba1fbeb5c296f/nico-ig-UDP-Video-Streaming-61e2790/src/server/handshake/register/Register.py,python,5,0,0,none
41652700,projects/0/41652700-b50b7d8738cba5e2a4865b381185f646a96c872c/imharrywu-v8-b50b7d8/third_party/python/Lib/bsddb/test/test_all.py,python,76,1,1,none
118961249,projects/0/118961249-99262e1f53617d2ea1d64fe2e8ddf9fced51426b/SSDeepthiKatta-Python-99262e1/LAB2/SourceCode/LAB2/venv/Lib/site-packages/numpy/core/tests/test_multiarray.py,python,488,1,1,none
118961249,projects/0/118961249-99262e1f53617d2ea1d64fe2e8ddf9fced51426b/SSDeepthiKatta-Python-99262e1/LAB3/SourceCode/LAB3/venv/Lib/site-packages/scipy/optimize/nonlin.py,python,77,1,1,none
41652700,projects/0/41652700-b50b7d8738cba5e2a4865b381185f646a96c872c/imharrywu-v8-b50b7d8/third_party/python/Lib/hashlib.py,python,5,0,0,none
41652700,projects/0/41652700-b50b7d8738cba5e2a4865b381185f646a96c872c/imharrywu-v8-b50b7d8/third_party/python/Lib/test/test_threading.py,python,41,0,0,none
829743320,projects/0/829743320-491e7bcdf5c41f698e5ea5ed25c5d225e71c9e42/physwizz-A245-U-u5-491e7bc/prebuilts/build-tools/common/py3-stdlib/multiprocessing/pool.py,python,70,0,0,none
829743320,projects/0/829743320-491e7bcdf5c41f698e5ea5ed25c5d225e71c9e42/physwizz-A245-U-u5-491e7bc/prebuilts/build-tools/common/py3-stdlib/socket.py,python,49,0,0,none
118961249,projects/0/118961249-99262e1f53617d2ea1d64fe2e8ddf9fced51426b/SSDeepthiKatta-Python-99262e1/LAB2/SourceCode/LAB2/venv/Lib/site-packages/numpy/__config__.py,python,2,2,2,none
557723563,projects/0/557723563-1fdc54433fb6188e570b0247e17c746597ecab89/python-hacked-bluetickhrm-1fdc544/venv/Lib/site-packages/pip/_vendor/pkg_resources/__init__.py,python,250,6,6,none
118961249,projects/0/118961249-99262e1f53617d2ea1d64fe2e8ddf9fced51426b/SSDeepthiKatta-Python-99262e1/LAB3/SourceCode/LAB3/venv/Lib/site-packages/nltk/lazyimport.py,python,5,1,1,none
761969297,projects/0/761969297-7adb85977c0d225f641021c2cafbcc9aff3a46c6/kila58-qemu-patched-7adb859/roms/edk2/BaseTools/Source/Python/Pkcs7Sign/Pkcs7Sign.py,python,0,0,0,none
332934941,projects/0/332934941-087877be1c9716109978be284ea74e2a47e9b522/azufre-Scrapy-087877b/env/Lib/collections/__init__.py,python,172,1,1,none
514691046,projects/0/514691046-8142f28146506924955566d25a5bc74bfae6e694/byrongomezjr-npr_podcast_content_aggregator-8142f28/.venv/lib/python3.9/site-packages/pip/_internal/commands/debug.py,python,11,1,1,none
41652700,projects/0/41652700-b50b7d8738cba5e2a4865b381185f646a96c872c/imharrywu-v8-b50b7d8/third_party/python/Tools/Scripts/db2pickle.py,python,2,1,1,none
332934941,projects/0/332934941-087877be1c9716109978be284ea74e2a47e9b522/azufre-Scrapy-087877b/env/Lib/site-packages/bs4/__init__.py,python,23,1,1,none
41652700,projects/0/41652700-b50b7d8738cba5e2a4865b381185f646a96c872c/imharrywu-v8-b50b7d8/third_party/python/Lib/test/test_trace.py,python,38,1,1,none
829743320,projects/0/829743320-491e7bcdf5c41f698e5ea5ed25c5d225e71c9e42/physwizz-A245-U-u5-491e7bc/prebuilts/clang/host/linux-x86/clang-r416183b/python3/lib/python3.9/site-packages/pip/_vendor/urllib3/packages/six.py,python,60,0,0,none
829743320,projects/0/829743320-491e7bcdf5c41f698e5ea5ed25c5d225e71c9e42/physwizz-A245-U-u5-491e7bc/prebuilts/build-tools/common/py3-stdlib/rlcompleter.py,python,7,0,0,none
41652700,projects/0/41652700-b50b7d8738cba5e2a4865b381185f646a96c872c/imharrywu-v8-b50b7d8/third_party/python/Lib/compiler/symbols.py,python,48,8,8,none
829743320,projects/0/829743320-491e7bcdf5c41f698e5ea5ed25c5d225e71c9e42/physwizz-A245-U-u5-491e7bc/prebuilts/build-tools/common/py3-stdlib/multiprocessing/__init__.py,python,0,0,0,none
41652700,projects/0/41652700-b50b7d8738cba5e2a4865b381185f646a96c872c/imharrywu-v8-b50b7d8/third_party/python/Lib/idlelib/StackViewer.py,python,16,0,0,none
118961249,projects/0/118961249-99262e1f53617d2ea1d64fe2e8ddf9fced51426b/SSDeepthiKatta-Python-99262e1/LAB3/SourceCode/LAB3/venv/Lib/site-packages/scipy/special/orthogonal.py,python,41,0,0,none
118961249,projects/0/118961249-99262e1f53617d2ea1d64fe2e8ddf9fced51426b/SSDeepthiKatta-Python-99262e1/LAB3/SourceCode/LAB3/venv/Lib/site-packages/scipy/__config__.py,python,2,2,2,none
557723563,projects/0/557723563-1fdc54433fb6188e570b0247e17c746597ecab89/python-hacked-bluetickhrm-1fdc544/venv/Lib/site-packages/jinja2/meta.py,python,5,1,1,none
41652700,projects/0/41652700-b50b7d8738cba5e2a4865b381185f646a96c872c/imharrywu-v8-b50b7d8/third_party/python/Lib/trace.py,python,30,1,1,none
118961249,projects/0/118961249-99262e1f53617d2ea1d64fe2e8ddf9fced51426b/SSDeepthiKatta-Python-99262e1/LAB3/SourceCode/LAB3/venv/Lib/site-packages/numpy/core/tests/test_multiarray.py,python,491,1,1,none
41652700,projects/0/41652700-b50b7d8738cba5e2a4865b381185f646a96c872c/imharrywu-v8-b50b7d8/third_party/python/Lib/test/test_builtin.py,python,71,5,5,1154:18
829743320,projects/0/829743320-491e7bcdf5c41f698e5ea5ed25c5d225e71c9e42/physwizz-A245-U-u5-491e7bc/prebuilts/build-tools/common/py3-stdlib/inspect.py,python,132,0,0,none
557723563,projects/0/557723563-1fdc54433fb6188e570b0247e17c746597ecab89/python-hacked-bluetickhrm-1fdc544/venv/Lib/site-packages/pip/_vendor/__init__.py,python,1,1,1,none
41652700,projects/0/41652700-b50b7d8738cba5e2a4865b381185f646a96c872c/imharrywu-v8-b50b7d8/third_party/python/Lib/dumbdbm.py,python,17,0,0,none
829743320,projects/0/829743320-491e7bcdf5c41f698e5ea5ed25c5d225e71c9e42/physwizz-A245-U-u5-491e7bc/prebuilts/build-tools/common/py3-stdlib/pdb.py,python,89,5,5,none
118961249,projects/0/118961249-99262e1f53617d2ea1d64fe2e8ddf9fced51426b/SSDeepthiKatta-Python-99262e1/LAB2/SourceCode/LAB2/venv/Lib/sre_constants.py,python,5,1,1,none
41652700,projects/0/41652700-b50b7d8738cba5e2a4865b381185f646a96c872c/imharrywu-v8-b50b7d8/third_party/python/Lib/test/test_compile.py,python,38,1,1,198:18
332934941,projects/0/332934941-087877be1c9716109978be284ea74e2a47e9b522/azufre-Scrapy-087877b/env/Lib/site-packages/wrapt/decorators.py,python,24,2,2,none
704716381,projects/0/704716381-61e279067d92235fb7503df2b04ba1fbeb5c296f/nico-ig-UDP-Video-Streaming-61e2790/src/client/handshake/register/Packets.py,python,2,0,0,none
41652700,projects/0/41652700-b50b7d8738cba5e2a4865b381185f646a96c872c/imharrywu-v8-b50b7d8/third_party/python/Lib/site-packages/pip/_vendor/_markerlib/markers.py,python,9,0,0,none
829743320,projects/0/829743320-491e7bcdf5c41f698e5ea5ed25c5d225e71c9e42/physwizz-A245-U-u5-491e7bc/prebuilts/clang/host/linux-x86/clang-r416183b/python3/lib/python3.9/dbm/dumb.py,python,21,0,0,none
829743320,projects/0/829743320-491e7bcdf5c41f698e5ea5ed25c5d225e71c9e42/physwizz-A245-U-u5-491e7bc/prebuilts/build-tools/common/py3-stdlib/platform.py,python,43,0,0,none
829743320,projects/0/829743320-491e7bcdf5c41f698e5ea5ed25c5d225e71c9e42/physwizz-A245-U-u5-491e7bc/prebuilts/build-tools/common/py3-stdlib/unittest/__init__.py,python,3,1,1,none
829743320,projects/0/829743320-491e7bcdf5c41f698e5ea5ed25c5d225e71c9e42/physwizz-A245-U-u5-491e7bc/prebuilts/build-tools/common/py3-stdlib/importlib/_bootstrap.py,python,72,2,2,none
41652700,projects/0/41652700-b50b7d8738cba5e2a4865b381185f646a96c872c/imharrywu-v8-b50b7d8/third_party/python/Lib/test/test_py3kwarn.py,python,34,0,0,none
41652700,projects/0/41652700-b50b7d8738cba5e2a4865b381185f646a96c872c/imharrywu-v8-b50b7d8/third_party/python/Lib/locale.py,python,28,1,1,none
118961249,projects/0/118961249-99262e1f53617d2ea1d64fe2e8ddf9fced51426b/SSDeepthiKatta-Python-99262e1/LAB3/SourceCode/LAB3/venv/Lib/site-packages/scipy/stats/_discrete_distns.py,python,87,0,0,none
41652700,projects/0/41652700-b50b7d8738cba5e2a4865b381185f646a96c872c/imharrywu-v8-b50b7d8/third_party/python/Lib/test/test_file_eintr.py,python,15,1,1,none
41652700,projects/0/41652700-b50b7d8738cba5e2a4865b381185f646a96c872c/imharrywu-v8-b50b7d8/third_party/python/Lib/smtpd.py,python,23,1,1,none
514691046,projects/0/514691046-8142f28146506924955566d25a5bc74bfae6e694/byrongomezjr-npr_podcast_content_aggregator-8142f28/.venv/lib/python3.9/site-packages/click/core.py,python,131,0,0,none
761969297,projects/0/761969297-7adb85977c0d225f641021c2cafbcc9aff3a46c6/kila58-qemu-patched-7adb859/roms/edk2/BaseTools/Scripts/BinToPcd.py,python,4,0,0,none
118961249,projects/0/118961249-99262e1f53617d2ea1d64fe2e8ddf9fced51426b/SSDeepthiKatta-Python-99262e1/LAB3/SourceCode/LAB3/venv/Lib/site-packages/scipy/signal/signaltools.py,python,43,1,1,none
41652700,projects/0/41652700-b50b7d8738cba5e2a4865b381185f646a96c872c/imharrywu-v8-b50b7d8/third_party/python/Lib/test/test_multiprocessing.py,python,160,1,1,none
557723563,projects/0/557723563-1fdc54433fb6188e570b0247e17c746597ecab89/python-hacked-bluetickhrm-1fdc544/venv/Lib/site-packages/dynaconf/vendor/click/decorators.py,python,13,0,0,none
41652700,projects/0/41652700-b50b7d8738cba5e2a4865b381185f646a96c872c/imharrywu-v8-b50b7d8/third_party/gyp-master/pylib/gyp/generator/msvs.py,python,112,0,0,none
41652700,projects/0/41652700-b50b7d8738cba5e2a4865b381185f646a96c872c/imharrywu-v8-b50b7d8/third_party/python/Lib/compiler/ast.py,python,310,4,4,none
41652700,projects/0/41652700-b50b7d8738cba5e2a4865b381185f646a96c872c/imharrywu-v8-b50b7d8/third_party/python/Lib/idlelib/idle_test/htest.py,python,1,1,1,none
704716381,projects/0/704716381-61e279067d92235fb7503df2b04ba1fbeb5c296f/nico-ig-UDP-Video-Streaming-61e2790/src/server/MainServer.py,python,3,0,0,none
557723563,projects/0/557723563-1fdc54433fb6188e570b0247e17c746597ecab89/python-hacked-bluetickhrm-1fdc544/venv/Lib/site-packages/jinja2/ext.py,python,36,3,3,none
557723563,projects/0/557723563-1fdc54433fb6188e570b0247e17c746597ecab89/python-hacked-bluetickhrm-1fdc544/venv/Lib/site-packages/jinja2/runtime.py,python,75,2,2,none
829743320,projects/0/829743320-491e7bcdf5c41f698e5ea5ed25c5d225e71c9e42/physwizz-A245-U-u5-491e7bc/prebuilts/clang/host/linux-x86/clang-r416183b/python3/lib/python3.9/site-packages/setuptools/command/build_ext.py,python,18,0,0,none
829743320,projects/0/829743320-491e7bcdf5c41f698e5ea5ed25c5d225e71c9e42/physwizz-A245-U-u5-491e7bc/prebuilts/build-tools/common/py3-stdlib/logging/__init__.py,python,147,0,0,none
41652700,projects/0/41652700-b50b7d8738cba5e2a4865b381185f646a96c872c/imharrywu-v8-b50b7d8/third_party/python/Lib/lib2to3/fixes/fix_execfile.py,python,1,1,1,none
41652700,projects/0/41652700-b50b7d8738cba5e2a4865b381185f646a96c872c/imharrywu-v8-b50b7d8/third_party/python/Lib/idlelib/run.py,python,22,0,0,none
41652700,projects/0/41652700-b50b7d8738cba5e2a4865b381185f646a96c872c/imharrywu-v8-b50b7d8/third_party/python/Lib/socket.py,python,26,0,0,none
514691046,projects/0/514691046-8142f28146506924955566d25a5bc74bfae6e694/byrongomezjr-npr_podcast_content_aggregator-8142f28/.venv/lib/python3.9/site-packages/wrapt/decorators.py,python,24,2,2,none
514691046,projects/0/514691046-8142f28146506924955566d25a5bc74bfae6e694/byrongomezjr-npr_podcast_content_aggregator-8142f28/.venv/lib/python3.9/site-packages/django/utils/version.py,python,6,1,1,none
704716381,projects/0/704716381-61e279067d92235fb7503df2b04ba1fbeb5c296f/nico-ig-UDP-Video-Streaming-61e2790/src/client/stream/Packets.py,python,1,0,0,none
41652700,projects/0/41652700-b50b7d8738cba5e2a4865b381185f646a96c872c/imharrywu-v8-b50b7d8/third_party/python/Lib/site-packages/pkg_resources/__init__.py,python,254,6,6,none
41652700,projects/0/41652700-b50b7d8738cba5e2a4865b381185f646a96c872c/imharrywu-v8-b50b7d8/third_party/python/Lib/test/test_zipimport.py,python,39,1,1,none
41652700,projects/0/41652700-b50b7d8738cba5e2a4865b381185f646a96c872c/imharrywu-v8-b50b7d8/third_party/python/Lib/pickle.py,python,96,0,0,none
829743320,projects/0/829743320-491e7bcdf5c41f698e5ea5ed25c5d225e71c9e42/physwizz-A245-U-u5-491e7bc/prebuilts/build-tools/common/py3-stdlib/locale.py,python,31,1,1,none
41652700,projects/0/41652700-b50b7d8738cba5e2a4865b381185f646a96c872c/imharrywu-v8-b50b7d8/third_party/python/Lib/test/test_decorators.py,python,20,1,1,none
118961249,projects/0/118961249-99262e1f53617d2ea1d64fe2e8ddf9fced51426b/SSDeepthiKatta-Python-99262e1/LAB2/SourceCode/LAB2/venv/Lib/site-packages/pip/_vendor/pkg_resources/__init__.py,python,245,6,6,none
41652700,projects/0/41652700-b50b7d8738cba5e2a4865b381185f646a96c872c/imharrywu-v8-b50b7d8/third_party/python/Lib/lib2to3/tests/test_fixers.py,python,463,0,0,none
557723563,projects/0/557723563-1fdc54433fb6188e570b0247e17c746597ecab89/python-hacked-bluetickhrm-1fdc544/venv/Lib/site-packages/pip/_vendor/pyproject_hooks/_in_process/_in_process.py,python,21,1,1,none
41652700,projects/0/41652700-b50b7d8738cba5e2a4865b381185f646a96c872c/imharrywu-v8-b50b7d8/third_party/python/Lib/test/crashers/decref_before_assignment.py,python,2,1,1,none
41652700,projects/0/41652700-b50b7d8738cba5e2a4865b381185f646a96c872c/imharrywu-v8-b50b7d8/third_party/python/Lib/site-packages/pip/_vendor/distlib/_backport/sysconfig.py,python,26,1,1,none
332934941,projects/0/332934941-087877be1c9716109978be284ea74e2a47e9b522/azufre-Scrapy-087877b/env/Lib/site-packages/setuptools/command/easy_install.py,python,110,0,0,none
829743320,projects/0/829743320-491e7bcdf5c41f698e5ea5ed25c5d225e71c9e42/physwizz-A245-U-u5-491e7bc/prebuilts/clang/host/linux-x86/clang-r416183b/python3/lib/python3.9/site-packages/setuptools/command/easy_install.py,python,112,0,0,none
118961249,projects/0/118961249-99262e1f53617d2ea1d64fe2e8ddf9fced51426b/SSDeepthiKatta-Python-99262e1/LAB3/SourceCode/LAB3/venv/Lib/site-packages/pandas/io/pytables.py,python,269,1,1,none
829743320,projects/0/829743320-491e7bcdf5c41f698e5ea5ed25c5d225e71c9e42/physwizz-A245-U-u5-491e7bc/prebuilts/build-tools/common/py3-stdlib/warnings.py,python,26,1,1,none
829743320,projects/0/829743320-491e7bcdf5c41f698e5ea5ed25c5d225e71c9e42/physwizz-A245-U-u5-491e7bc/prebuilts/build-tools/common/py3-stdlib/typing.py,python,144,1,1,none
118961249,projects/0/118961249-99262e1f53617d2ea1d64fe2e8ddf9fced51426b/SSDeepthiKatta-Python-99262e1/LAB2/SourceCode/LAB2/venv/Lib/site-packages/numpy/distutils/misc_util.py,python,100,0,0,none
557723563,projects/0/557723563-1fdc54433fb6188e570b0247e17c746597ecab89/python-hacked-bluetickhrm-1fdc544/venv/Lib/site-packages/PIL/ImageMath.py,python,43,0,0,none
557723563,projects/0/557723563-1fdc54433fb6188e570b0247e17c746597ecab89/python-hacked-bluetickhrm-1fdc544/venv/Lib/site-packages/typing_extensions.py,python,163,0,0,none
118961249,projects/0/118961249-99262e1f53617d2ea1d64fe2e8ddf9fced51426b/SSDeepthiKatta-Python-99262e1/LAB3/SourceCode/LAB3/venv/Lib/site-packages/pandas/core/computation/engines.py,python,12,0,0,none
118961249,projects/0/118961249-99262e1f53617d2ea1d64fe2e8ddf9fced51426b/SSDeepthiKatta-Python-99262e1/LAB1/SourceCode/LAB1/venv/Lib/site-packages/setuptools/command/build_ext.py,python,19,0,0,none
514691046,projects/0/514691046-8142f28146506924955566d25a5bc74bfae6e694/byrongomezjr-npr_podcast_content_aggregator-8142f28/.venv/lib/python3.9/site-packages/setuptools/command/build_ext.py,python,18,0,0,none
41652700,projects/0/41652700-b50b7d8738cba5e2a4865b381185f646a96c872c/imharrywu-v8-b50b7d8/third_party/python/Lib/platform.py,python,45,0,0,none
118961249,projects/0/118961249-99262e1f53617d2ea1d64fe2e8ddf9fced51426b/SSDeepthiKatta-Python-99262e1/LAB3/SourceCode/LAB3/venv/Lib/site-packages/nltk/__init__.py,python,3,0,0,none
514691046,projects/0/514691046-8142f28146506924955566d25a5bc74bfae6e694/byrongomezjr-npr_podcast_content_aggregator-8142f28/.venv/lib/python3.9/site-packages/setuptools/_distutils/msvc9compiler.py,python,27,0,0,none
761969297,projects/0/761969297-7adb85977c0d225f641021c2cafbcc9aff3a46c6/kila58-qemu-patched-7adb859/roms/edk2/BaseTools/Scripts/ConvertMasmToNasm.py,python,47,3,3,none
829743320,projects/0/829743320-491e7bcdf5c41f698e5ea5ed25c5d225e71c9e42/physwizz-A245-U-u5-491e7bc/prebuilts/clang/host/linux-x86/clang-r416183b/python3/lib/python3.9/site-packages/setuptools/sandbox.py,python,40,1,1,none
514691046,projects/0/514691046-8142f28146506924955566d25a5bc74bfae6e694/byrongomezjr-npr_podcast_content_aggregator-8142f28/.venv/lib/python3.9/site-packages/click/termui.py,python,17,0,0,none
118961249,projects/0/118961249-99262e1f53617d2ea1d64fe2e8ddf9fced51426b/SSDeepthiKatta-Python-99262e1/LAB3/SourceCode/LAB3/venv/Lib/site-packages/pandas/tests/io/test_pickle.py,python,29,1,1,none
118961249,projects/0/118961249-99262e1f53617d2ea1d64fe2e8ddf9fced51426b/SSDeepthiKatta-Python-99262e1/LAB3/SourceCode/LAB3/venv/Lib/site-packages/nltk/decorators.py,python,8,1,1,none
118961249,projects/0/118961249-99262e1f53617d2ea1d64fe2e8ddf9fced51426b/SSDeepthiKatta-Python-99262e1/LAB3/SourceCode/LAB3/venv/Lib/site-packages/scipy/stats/_continuous_distns.py,python,622,0,0,none
41652700,projects/0/41652700-b50b7d8738cba5e2a4865b381185f646a96c872c/imharrywu-v8-b50b7d8/third_party/python/Lib/test/test_funcattrs.py,python,31,1,1,none
514691046,projects/0/514691046-8142f28146506924955566d25a5bc74bfae6e694/byrongomezjr-npr_podcast_content_aggregator-8142f28/.venv/lib/python3.9/site-packages/psutil/_pssunos.py,python,47,0,0,none
41652700,projects/0/41652700-b50b7d8738cba5e2a4865b381185f646a96c872c/imharrywu-v8-b50b7d8/third_party/python/Tools/pynche/Main.py,python,6,2,2,none
514691046,projects/0/514691046-8142f28146506924955566d25a5bc74bfae6e694/byrongomezjr-npr_podcast_content_aggregator-8142f28/.venv/lib/python3.9/site-packages/setuptools/_distutils/sysconfig.py,python,16,2,2,none
118961249,projects/0/118961249-99262e1f53617d2ea1d64fe2e8ddf9fced51426b/SSDeepthiKatta-Python-99262e1/LAB3/SourceCode/LAB3/venv/Lib/site-packages/pandas/core/computation/scope.py,python,14,0,0,none
118961249,projects/0/118961249-99262e1f53617d2ea1d64fe2e8ddf9fced51426b/SSDeepthiKatta-Python-99262e1/LAB3/SourceCode/LAB3/venv/Lib/site-packages/nltk/compat.py,python,24,0,0,none
92771870,projects/0/92771870-4557e9280d024532812bc92a7ff41f3607d7b3aa/m65v-opendlv.scaledcars-4557e92/opendlv.scaledcars-master/opendlv.scaledcars-master/thirdparty/cxxtest/admin/virtualenv.py,python,68,1,1,none
761969297,projects/0/761969297-7adb85977c0d225f641021c2cafbcc9aff3a46c6/kila58-qemu-patched-7adb859/tests/qemu-iotests/qed.py,python,24,2,2,none
514691046,projects/0/514691046-8142f28146506924955566d25a5bc74bfae6e694/byrongomezjr-npr_podcast_content_aggregator-8142f28/.venv/lib/python3.9/site-packages/pkg_resources/__init__.py,python,251,6,6,none
514691046,projects/0/514691046-8142f28146506924955566d25a5bc74bfae6e694/byrongomezjr-npr_podcast_content_aggregator-8142f28/.venv/lib/python3.9/site-packages/scout_apm/flask/__init__.py,python,5,0,0,none
829743320,projects/0/829743320-491e7bcdf5c41f698e5ea5ed25c5d225e71c9e42/physwizz-A245-U-u5-491e7bc/prebuilts/clang/host/linux-x86/clang-r416183b/python3/lib/python3.9/lib2to3/fixes/fix_execfile.py,python,1,1,1,none
118961249,projects/0/118961249-99262e1f53617d2ea1d64fe2e8ddf9fced51426b/SSDeepthiKatta-Python-99262e1/LAB3/SourceCode/LAB3/venv/Lib/site-packages/scipy/spatial/distance.py,python,45,0,0,none
557723563,projects/0/557723563-1fdc54433fb6188e570b0247e17c746597ecab89/python-hacked-bluetickhrm-1fdc544/venv/Lib/site-packages/pip/_internal/cli/parser.py,python,17,0,0,none
332934941,projects/0/332934941-087877be1c9716109978be284ea74e2a47e9b522/azufre-Scrapy-087877b/env/Lib/site-packages/setuptools/tests/test_find_packages.py,python,20,1,1,none
557723563,projects/0/557723563-1fdc54433fb6188e570b0247e17c746597ecab89/python-hacked-bluetickhrm-1fdc544/venv/Lib/site-packages/pip/_vendor/pygments/unistring.py,python,3,2,2,none
829743320,projects/0/829743320-491e7bcdf5c41f698e5ea5ed25c5d225e71c9e42/physwizz-A245-U-u5-491e7bc/prebuilts/build-tools/common/py3-stdlib/os.py,python,61,1,1,none
829743320,projects/0/829743320-491e7bcdf5c41f698e5ea5ed25c5d225e71c9e42/physwizz-A245-U-u5-491e7bc/prebuilts/build-tools/common/py3-stdlib/sysconfig.py,python,27,1,1,none
829743320,projects/0/829743320-491e7bcdf5c41f698e5ea5ed25c5d225e71c9e42/physwizz-A245-U-u5-491e7bc/prebuilts/build-tools/common/py3-stdlib/imaplib.py,python,94,0,0,none
41652700,projects/0/41652700-b50b7d8738cba5e2a4865b381185f646a96c872c/imharrywu-v8-b50b7d8/third_party/python/Lib/idlelib/EditorWindow.py,python,118,1,1,none
118961249,projects/0/118961249-99262e1f53617d2ea1d64fe2e8ddf9fced51426b/SSDeepthiKatta-Python-99262e1/LAB3/SourceCode/LAB3/venv/Lib/site-packages/matplotlib/backend_managers.py,python,25,1,1,none
41652700,projects/0/41652700-b50b7d8738cba5e2a4865b381185f646a96c872c/imharrywu-v8-b50b7d8/third_party/python/Lib/test/test_io.py,python,256,1,1,none
829743320,projects/0/829743320-491e7bcdf5c41f698e5ea5ed25c5d225e71c9e42/physwizz-A245-U-u5-491e7bc/prebuilts/build-tools/common/py3-stdlib/pydoc_data/topics.py,python,0,0,0,none
118961249,projects/0/118961249-99262e1f53617d2ea1d64fe2e8ddf9fced51426b/SSDeepthiKatta-Python-99262e1/LAB2/SourceCode/LAB2/venv/Lib/site-packages/setuptools/command/build_ext.py,python,19,0,0,none
41652700,projects/0/41652700-b50b7d8738cba5e2a4865b381185f646a96c872c/imharrywu-v8-b50b7d8/third_party/python/Lib/test/test_import.py,python,41,1,1,214:14
41652700,projects/0/41652700-b50b7d8738cba5e2a4865b381185f646a96c872c/imharrywu-v8-b50b7d8/third_party/python/Lib/json/encoder.py,python,7,0,0,none
514691046,projects/0/514691046-8142f28146506924955566d25a5bc74bfae6e694/byrongomezjr-npr_podcast_content_aggregator-8142f28/.venv/lib/python3.9/site-packages/typing_extensions.py,python,116,0,0,none
41652700,projects/0/41652700-b50b7d8738cba5e2a4865b381185f646a96c872c/imharrywu-v8-b50b7d8/third_party/python/Lib/bdb.py,python,56,3,3,none
514691046,projects/0/514691046-8142f28146506924955566d25a5bc74bfae6e694/byrongomezjr-npr_podcast_content_aggregator-8142f28/.venv/lib/python3.9/site-packages/psutil/_pswindows.py,python,80,0,0,none
41652700,projects/0/41652700-b50b7d8738cba5e2a4865b381185f646a96c872c/imharrywu-v8-b50b7d8/third_party/python/Tools/webchecker/webchecker.py,python,67,1,1,none
41652700,projects/0/41652700-b50b7d8738cba5e2a4865b381185f646a96c872c/imharrywu-v8-b50b7d8/third_party/python/Lib/ctypes/__init__.py,python,27,2,2,none
829743320,projects/0/829743320-491e7bcdf5c41f698e5ea5ed25c5d225e71c9e42/physwizz-A245-U-u5-491e7bc/prebuilts/build-tools/common/py3-stdlib/ctypes/test/test_pickling.py,python,7,0,0,none
118961249,projects/0/118961249-99262e1f53617d2ea1d64fe2e8ddf9fced51426b/SSDeepthiKatta-Python-99262e1/LAB2/SourceCode/LAB2/venv/Lib/site-packages/numpy/lib/utils.py,python,31,1,1,none
41652700,projects/0/41652700-b50b7d8738cba5e2a4865b381185f646a96c872c/imharrywu-v8-b50b7d8/third_party/python/Lib/pdb.py,python,111,5,5,none
41652700,projects/0/41652700-b50b7d8738cba5e2a4865b381185f646a96c872c/imharrywu-v8-b50b7d8/third_party/python/Tools/Scripts/fixnotice.py,python,3,1,1,none
514691046,projects/0/514691046-8142f28146506924955566d25a5bc74bfae6e694/byrongomezjr-npr_podcast_content_aggregator-8142f28/.venv/lib/python3.9/site-packages/blib2to3/pgen2/token.py,python,3,0,0,none
118961249,projects/0/118961249-99262e1f53617d2ea1d64fe2e8ddf9fced51426b/SSDeepthiKatta-Python-99262e1/LAB3/SourceCode/LAB3/venv/Lib/site-packages/six.py,python,57,0,0,none
41652700,projects/0/41652700-b50b7d8738cba5e2a4865b381185f646a96c872c/imharrywu-v8-b50b7d8/third_party/python/Lib/lib2to3/tests/__init__.py,python,0,0,0,none
829743320,projects/0/829743320-491e7bcdf5c41f698e5ea5ed25c5d225e71c9e42/physwizz-A245-U-u5-491e7bc/prebuilts/build-tools/common/py3-stdlib/ctypes/__init__.py,python,27,2,2,none
41652700,projects/0/41652700-b50b7d8738cba5e2a4865b381185f646a96c872c/imharrywu-v8-b50b7d8/third_party/python/Lib/types.py,python,4,0,0,none
829743320,projects/0/829743320-491e7bcdf5c41f698e5ea5ed25c5d225e71c9e42/physwizz-A245-U-u5-491e7bc/prebuilts/clang/host/linux-x86/clang-r416183b/python3/lib/python3.9/site-packages/setuptools/_vendor/six.py,python,57,0,0,none
704716381,projects/0/704716381-61e279067d92235fb7503df2b04ba1fbeb5c296f/nico-ig-UDP-Video-Streaming-61e2790/src/server/stream/Stream.py,python,2,0,0,none
41652700,projects/0/41652700-b50b7d8738cba5e2a4865b381185f646a96c872c/imharrywu-v8-b50b7d8/third_party/python/Lib/test/test_itertools.py,python,128,1,1,none
41652700,projects/0/41652700-b50b7d8738cba5e2a4865b381185f646a96c872c/imharrywu-v8-b50b7d8/third_party/python/Lib/multiprocessing/util.py,python,21,0,0,none
118961249,projects/0/118961249-99262e1f53617d2ea1d64fe2e8ddf9fced51426b/SSDeepthiKatta-Python-99262e1/LAB3/SourceCode/LAB3/venv/Lib/site-packages/pandas/core/dtypes/missing.py,python,14,1,1,none
332934941,projects/0/332934941-087877be1c9716109978be284ea74e2a47e9b522/azufre-Scrapy-087877b/env/Lib/site-packages/setuptools/depends.py,python,10,1,1,none
118961249,projects/0/118961249-99262e1f53617d2ea1d64fe2e8ddf9fced51426b/SSDeepthiKatta-Python-99262e1/LAB2/SourceCode/LAB2/venv/Lib/site-packages/pip/_vendor/distlib/_backport/sysconfig.py,python,26,1,1,none
41652700,projects/0/41652700-b50b7d8738cba5e2a4865b381185f646a96c872c/imharrywu-v8-b50b7d8/third_party/python/Lib/test/test_decimal.py,python,132,3,3,none
41652700,projects/0/41652700-b50b7d8738cba5e2a4865b381185f646a96c872c/imharrywu-v8-b50b7d8/third_party/python/Lib/site-packages/setuptools/depends.py,python,11,1,1,none
557723563,projects/0/557723563-1fdc54433fb6188e570b0247e17c746597ecab89/python-hacked-bluetickhrm-1fdc544/venv/Lib/site-packages/setuptools/_distutils/command/check.py,python,9,1,1,none
829743320,projects/0/829743320-491e7bcdf5c41f698e5ea5ed25c5d225e71c9e42/physwizz-A245-U-u5-491e7bc/prebuilts/build-tools/common/py3-stdlib/hashlib.py,python,5,0,0,none
41652700,projects/0/41652700-b50b7d8738cba5e2a4865b381185f646a96c872c/imharrywu-v8-b50b7d8/third_party/python/Lib/imputil.py,python,31,2,2,none
704716381,projects/0/704716381-61e279067d92235fb7503df2b04ba1fbeb5c296f/nico-ig-UDP-Video-Streaming-61e2790/src/client/handshake/open_stream/OpenStream.py,python,3,0,0,none
557723563,projects/0/557723563-1fdc54433fb6188e570b0247e17c746597ecab89/python-hacked-bluetickhrm-1fdc544/venv/Lib/site-packages/dynaconf/vendor/click/core.py,python,109,0,0,none
41652700,projects/0/41652700-b50b7d8738cba5e2a4865b381185f646a96c872c/imharrywu-v8-b50b7d8/third_party/python/Lib/site-packages/pip/_vendor/six.py,python,56,0,0,none
118961249,projects/0/118961249-99262e1f53617d2ea1d64fe2e8ddf9fced51426b/SSDeepthiKatta-Python-99262e1/LAB3/SourceCode/LAB3/venv/Lib/site-packages/numpy/distutils/misc_util.py,python,100,0,0,none
41652700,projects/0/41652700-b50b7d8738cba5e2a4865b381185f646a96c872c/imharrywu-v8-b50b7d8/third_party/python/Lib/symbol.py,python,1,0,0,none
41652700,projects/0/41652700-b50b7d8738cba5e2a4865b381185f646a96c872c/imharrywu-v8-b50b7d8/third_party/python/Lib/test/regrtest.py,python,39,2,2,none
41652700,projects/0/41652700-b50b7d8738cba5e2a4865b381185f646a96c872c/imharrywu-v8-b50b7d8/build/gyp/pylib/gyp/generator/msvs.py,python,112,0,0,none
514691046,projects/0/514691046-8142f28146506924955566d25a5bc74bfae6e694/byrongomezjr-npr_podcast_content_aggregator-8142f28/.venv/lib/python3.9/site-packages/psutil/_common.py,python,37,0,0,none
118961249,projects/0/118961249-99262e1f53617d2ea1d64fe2e8ddf9fced51426b/SSDeepthiKatta-Python-99262e1/LAB3/SourceCode/LAB3/venv/Lib/site-packages/nltk/test/doctest_nose_plugin.py,python,7,1,1,none
118961249,projects/0/118961249-99262e1f53617d2ea1d64fe2e8ddf9fced51426b/SSDeepthiKatta-Python-99262e1/LAB3/SourceCode/LAB3/venv/Lib/site-packages/nltk/stem/snowball.py,python,53,1,1,none
118961249,projects/0/118961249-99262e1f53617d2ea1d64fe2e8ddf9fced51426b/SSDeepthiKatta-Python-99262e1/LAB2/SourceCode/LAB2/venv/Lib/site-packages/pip/_vendor/__init__.py,python,1,1,1,none
332934941,projects/0/332934941-087877be1c9716109978be284ea74e2a47e9b522/azufre-Scrapy-087877b/env/Lib/types.py,python,29,0,0,none
761969297,projects/0/761969297-7adb85977c0d225f641021c2cafbcc9aff3a46c6/kila58-qemu-patched-7adb859/roms/edk2/BaseTools/Source/Python/Capsule/GenerateCapsule.py,python,17,0,0,none
118961249,projects/0/118961249-99262e1f53617d2ea1d64fe2e8ddf9fced51426b/SSDeepthiKatta-Python-99262e1/LAB3/SourceCode/LAB3/venv/Lib/site-packages/sklearn/externals/joblib/format_stack.py,python,9,0,0,none
514691046,projects/0/514691046-8142f28146506924955566d25a5bc74bfae6e694/byrongomezjr-npr_podcast_content_aggregator-8142f28/.venv/lib/python3.9/site-packages/django_extensions/management/commands/shell_plus.py,python,22,1,1,none
41652700,projects/0/41652700-b50b7d8738cba5e2a4865b381185f646a96c872c/imharrywu-v8-b50b7d8/build/gyp/pylib/gyp/input.py,python,65,2,2,none
118961249,projects/0/118961249-99262e1f53617d2ea1d64fe2e8ddf9fced51426b/SSDeepthiKatta-Python-99262e1/LAB3/SourceCode/LAB3/venv/Lib/site-packages/matplotlib/backends/__init__.py,python,1,1,1,none
557723563,projects/0/557723563-1fdc54433fb6188e570b0247e17c746597ecab89/python-hacked-bluetickhrm-1fdc544/venv/Lib/site-packages/pip/_vendor/typing_extensions.py,python,124,0,0,none
829743320,projects/0/829743320-491e7bcdf5c41f698e5ea5ed25c5d225e71c9e42/physwizz-A245-U-u5-491e7bc/prebuilts/build-tools/common/py3-stdlib/sqlite3/test/userfunctions.py,python,85,1,1,none
829743320,projects/0/829743320-491e7bcdf5c41f698e5ea5ed25c5d225e71c9e42/physwizz-A245-U-u5-491e7bc/prebuilts/build-tools/common/py3-stdlib/doctest.py,python,97,1,1,none
41652700,projects/0/41652700-b50b7d8738cba5e2a4865b381185f646a96c872c/imharrywu-v8-b50b7d8/build/gyp/pylib/gyp/easy_xml_test.py,python,6,0,0,none
41652700,projects/0/41652700-b50b7d8738cba5e2a4865b381185f646a96c872c/imharrywu-v8-b50b7d8/third_party/python/Lib/idlelib/Debugger.py,python,39,0,0,none
41652700,projects/0/41652700-b50b7d8738cba5e2a4865b381185f646a96c872c/imharrywu-v8-b50b7d8/third_party/python/Lib/token.py,python,4,0,0,none
118961249,projects/0/118961249-99262e1f53617d2ea1d64fe2e8ddf9fced51426b/SSDeepthiKatta-Python-99262e1/LAB3/SourceCode/LAB3/venv/Lib/site-packages/matplotlib/pyplot.py,python,165,2,2,none
332934941,projects/0/332934941-087877be1c9716109978be284ea74e2a47e9b522/azufre-Scrapy-087877b/env/Lib/re.py,python,20,0,0,none
704716381,projects/0/704716381-61e279067d92235fb7503df2b04ba1fbeb5c296f/nico-ig-UDP-Video-Streaming-61e2790/src/client/MainClient.py,python,2,0,0,none
557723563,projects/0/557723563-1fdc54433fb6188e570b0247e17c746597ecab89/python-hacked-bluetickhrm-1fdc544/venv/Lib/site-packages/botocore/vendored/six.py,python,65,0,0,none
41652700,projects/0/41652700-b50b7d8738cba5e2a4865b381185f646a96c872c/imharrywu-v8-b50b7d8/third_party/python/Lib/test/test_pkg.py,python,15,1,1,none
514691046,projects/0/514691046-8142f28146506924955566d25a5bc74bfae6e694/byrongomezjr-npr_podcast_content_aggregator-8142f28/.venv/lib/python3.9/site-packages/click/__init__.py,python,0,0,0,none
118961249,projects/0/118961249-99262e1f53617d2ea1d64fe2e8ddf9fced51426b/SSDeepthiKatta-Python-99262e1/LAB2/SourceCode/LAB2/venv/Lib/site-packages/pkg_resources/__init__.py,python,250,6,6,none
41652700,projects/0/41652700-b50b7d8738cba5e2a4865b381185f646a96c872c/imharrywu-v8-b50b7d8/third_party/python/Lib/test/inspect_fodder2.py,python,20,1,1,none
829743320,projects/0/829743320-491e7bcdf5c41f698e5ea5ed25c5d225e71c9e42/physwizz-A245-U-u5-491e7bc/prebuilts/clang/host/linux-x86/clang-r416183b/python3/lib/python3.9/site-packages/pip/_vendor/distlib/_backport/sysconfig.py,python,26,1,1,none
761969297,projects/0/761969297-7adb85977c0d225f641021c2cafbcc9aff3a46c6/kila58-qemu-patched-7adb859/scripts/tracetool/__init__.py,python,25,1,1,none
41652700,projects/0/41652700-b50b7d8738cba5e2a4865b381185f646a96c872c/imharrywu-v8-b50b7d8/build/gyp/pylib/gyp/__init__.py,python,14,1,1,none
829743320,projects/0/829743320-491e7bcdf5c41f698e5ea5ed25c5d225e71c9e42/physwizz-A245-U-u5-491e7bc/prebuilts/build-tools/common/py3-stdlib/json/encoder.py,python,7,0,0,none
557723563,projects/0/557723563-1fdc54433fb6188e570b0247e17c746597ecab89/python-hacked-bluetickhrm-1fdc544/venv/Lib/site-packages/setuptools/command/easy_install.py,python,109,0,0,none
118961249,projects/0/118961249-99262e1f53617d2ea1d64fe2e8ddf9fced51426b/SSDeepthiKatta-Python-99262e1/LAB2/SourceCode/LAB2/venv/Lib/warnings.py,python,25,1,1,none
557723563,projects/0/557723563-1fdc54433fb6188e570b0247e17c746597ecab89/python-hacked-bluetickhrm-1fdc544/venv/Lib/site-packages/django/views/i18n.py,python,11,0,0,none
829743320,projects/0/829743320-491e7bcdf5c41f698e5ea5ed25c5d225e71c9e42/physwizz-A245-U-u5-491e7bc/prebuilts/build-tools/common/py3-stdlib/xml/sax/__init__.py,python,5,1,1,none
118961249,projects/0/118961249-99262e1f53617d2ea1d64fe2e8ddf9fced51426b/SSDeepthiKatta-Python-99262e1/LAB2/SourceCode/LAB2/venv/Lib/site-packages/numpy/lib/function_base.py,python,62,1,1,none
829743320,projects/0/829743320-491e7bcdf5c41f698e5ea5ed25c5d225e71c9e42/physwizz-A245-U-u5-491e7bc/prebuilts/build-tools/common/py3-stdlib/distutils/sysconfig.py,python,16,2,2,none
829743320,projects/0/829743320-491e7bcdf5c41f698e5ea5ed25c5d225e71c9e42/physwizz-A245-U-u5-491e7bc/prebuilts/build-tools/common/py3-stdlib/urllib/request.py,python,154,0,0,none
557723563,projects/0/557723563-1fdc54433fb6188e570b0247e17c746597ecab89/python-hacked-bluetickhrm-1fdc544/venv/Lib/site-packages/dynaconf/vendor/click/utils.py,python,29,0,0,none
829743320,projects/0/829743320-491e7bcdf5c41f698e5ea5ed25c5d225e71c9e42/physwizz-A245-U-u5-491e7bc/prebuilts/build-tools/common/py3-stdlib/trace.py,python,26,1,1,none
41652700,projects/0/41652700-b50b7d8738cba5e2a4865b381185f646a96c872c/imharrywu-v8-b50b7d8/third_party/python/Lib/site-packages/setuptools/command/build_ext.py,python,17,0,0,none
829743320,projects/0/829743320-491e7bcdf5c41f698e5ea5ed25c5d225e71c9e42/physwizz-A245-U-u5-491e7bc/prebuilts/clang/host/linux-x86/clang-r416183b/python3/lib/python3.9/site-packages/pip/_vendor/six.py,python,62,0,0,none
829743320,projects/0/829743320-491e7bcdf5c41f698e5ea5ed25c5d225e71c9e42/physwizz-A245-U-u5-491e7bc/prebuilts/build-tools/common/py3-stdlib/smtpd.py,python,58,1,1,none
514691046,projects/0/514691046-8142f28146506924955566d25a5bc74bfae6e694/byrongomezjr-npr_podcast_content_aggregator-8142f28/.venv/lib/python3.9/site-packages/setuptools/command/easy_install.py,python,107,0,0,none
41652700,projects/0/41652700-b50b7d8738cba5e2a4865b381185f646a96c872c/imharrywu-v8-b50b7d8/third_party/python/Lib/test/test_pyclbr.py,python,12,1,1,none
118961249,projects/0/118961249-99262e1f53617d2ea1d64fe2e8ddf9fced51426b/SSDeepthiKatta-Python-99262e1/LAB2/SourceCode/LAB2/venv/Lib/site-packages/numpy/tests/test_reloading.py,python,1,0,0,none
118961249,projects/0/118961249-99262e1f53617d2ea1d64fe2e8ddf9fced51426b/SSDeepthiKatta-Python-99262e1/LAB3/SourceCode/LAB3/venv/Lib/site-packages/pandas/tests/computation/test_eval.py,python,143,1,1,none
557723563,projects/0/557723563-1fdc54433fb6188e570b0247e17c746597ecab89/python-hacked-bluetickhrm-1fdc544/venv/Lib/site-packages/jinja2/loaders.py,python,28,4,4,none
41652700,projects/0/41652700-b50b7d8738cba5e2a4865b381185f646a96c872c/imharrywu-v8-b50b7d8/third_party/python/Lib/site-packages/pip/_vendor/_markerlib/__init__.py,python,3,0,0,none
41652700,projects/0/41652700-b50b7d8738cba5e2a4865b381185f646a96c872c/imharrywu-v8-b50b7d8/third_party/python/Lib/compiler/pycodegen.py,python,150,4,4,none
118961249,projects/0/118961249-99262e1f53617d2ea1d64fe2e8ddf9fced51426b/SSDeepthiKatta-Python-99262e1/LAB2/SourceCode/LAB2/venv/Lib/locale.py,python,30,1,1,none
761969297,projects/0/761969297-7adb85977c0d225f641021c2cafbcc9aff3a46c6/kila58-qemu-patched-7adb859/roms/edk2/BaseTools/Source/Python/Rsa2048Sha256Sign/Rsa2048Sha256GenerateKeys.py,python,0,0,0,none
829743320,projects/0/829743320-491e7bcdf5c41f698e5ea5ed25c5d225e71c9e42/physwizz-A245-U-u5-491e7bc/prebuilts/build-tools/common/py3-stdlib/symbol.py,python,0,0,0,none
332934941,projects/0/332934941-087877be1c9716109978be284ea74e2a47e9b522/azufre-Scrapy-087877b/env/Lib/site-packages/setuptools/command/build_ext.py,python,18,0,0,none
829743320,projects/0/829743320-491e7bcdf5c41f698e5ea5ed25c5d225e71c9e42/physwizz-A245-U-u5-491e7bc/prebuilts/build-tools/common/py3-stdlib/profile.py,python,31,4,4,none
829743320,projects/0/829743320-491e7bcdf5c41f698e5ea5ed25c5d225e71c9e42/physwizz-A245-U-u5-491e7bc/prebuilts/build-tools/common/py3-stdlib/re.py,python,20,0,0,none
557723563,projects/0/557723563-1fdc54433fb6188e570b0247e17c746597ecab89/python-hacked-bluetickhrm-1fdc544/venv/Lib/site-packages/setuptools/sandbox.py,python,40,1,1,none
557723563,projects/0/557723563-1fdc54433fb6188e570b0247e17c746597ecab89/python-hacked-bluetickhrm-1fdc544/venv/Lib/site-packages/bs4/__init__.py,python,25,1,1,none
41652700,projects/0/41652700-b50b7d8738cba5e2a4865b381185f646a96c872c/imharrywu-v8-b50b7d8/third_party/python/Lib/ctypes/test/test_pickling.py,python,7,0,0,none
3975068,projects/0/3975068-2839da1d5215b80ded58ada167c310da4cc9f41a/collective-collective.portlet.actions-2839da1/collective/portlet/actions/locales/updatelocales.py,python,12,1,1,none
514691046,projects/0/514691046-8142f28146506924955566d25a5bc74bfae6e694/byrongomezjr-npr_podcast_content_aggregator-8142f28/.venv/lib/python3.9/site-packages/pip/_vendor/pygments/unistring.py,python,3,2,2,none
41652700,projects/0/41652700-b50b7d8738cba5e2a4865b381185f646a96c872c/imharrywu-v8-b50b7d8/third_party/python/Lib/imaplib.py,python,90,0,0,none
829743320,projects/0/829743320-491e7bcdf5c41f698e5ea5ed25c5d225e71c9e42/physwizz-A245-U-u5-491e7bc/prebuilts/build-tools/common/py3-stdlib/distutils/msvc9compiler.py,python,27,0,0,none
557723563,projects/0/557723563-1fdc54433fb6188e570b0247e17c746597ecab89/python-hacked-bluetickhrm-1fdc544/venv/Lib/site-packages/setuptools/_vendor/typing_extensions.py,python,149,0,0,none
41652700,projects/0/41652700-b50b7d8738cba5e2a4865b381185f646a96c872c/imharrywu-v8-b50b7d8/third_party/python/Lib/distutils/msvc9compiler.py,python,27,0,0,none
761969297,projects/0/761969297-7adb85977c0d225f641021c2cafbcc9aff3a46c6/kila58-qemu-patched-7adb859/tests/guest-debug/test-gdbstub.py,python,12,0,0,none
41652700,projects/0/41652700-b50b7d8738cba5e2a4865b381185f646a96c872c/imharrywu-v8-b50b7d8/third_party/python/Lib/test/test_importhooks.py,python,21,1,1,none
557723563,projects/0/557723563-1fdc54433fb6188e570b0247e17c746597ecab89/python-hacked-bluetickhrm-1fdc544/venv/Lib/site-packages/cffi/cffi_opcode.py,python,5,0,0,none
41652700,projects/0/41652700-b50b7d8738cba5e2a4865b381185f646a96c872c/imharrywu-v8-b50b7d8/third_party/python/Lib/test/test_warnings.py,python,49,2,2,none
41652700,projects/0/41652700-b50b7d8738cba5e2a4865b381185f646a96c872c/imharrywu-v8-b50b7d8/third_party/python/Lib/sqlite3/test/userfunctions.py,python,75,1,1,none
118961249,projects/0/118961249-99262e1f53617d2ea1d64fe2e8ddf9fced51426b/SSDeepthiKatta-Python-99262e1/LAB2/SourceCode/LAB2/venv/Lib/os.py,python,53,1,1,none
118961249,projects/0/118961249-99262e1f53617d2ea1d64fe2e8ddf9fced51426b/SSDeepthiKatta-Python-99262e1/LAB3/SourceCode/LAB3/venv/Lib/site-packages/matplotlib/mlab.py,python,117,0,0,none
557723563,projects/0/557723563-1fdc54433fb6188e570b0247e17c746597ecab89/python-hacked-bluetickhrm-1fdc544/venv/Lib/site-packages/click/termui.py,python,17,0,0,none
557723563,projects/0/557723563-1fdc54433fb6188e570b0247e17c746597ecab89/python-hacked-bluetickhrm-1fdc544/venv/Lib/site-packages/setuptools/_vendor/pyparsing/__init__.py,python,3,0,0,none
41652700,projects/0/41652700-b50b7d8738cba5e2a4865b381185f646a96c872c/imharrywu-v8-b50b7d8/third_party/python/Lib/test/test_code.py,python,5,1,1,none
829743320,projects/0/829743320-491e7bcdf5c41f698e5ea5ed25c5d225e71c9e42/physwizz-A245-U-u5-491e7bc/kernel-5.10/Documentation/sphinx/rstFlatTable.py,python,13,0,0,none
