id,name,language,loc,words,keywords/globals.json
829743320,projects/0/829743320-491e7bcdf5c41f698e5ea5ed25c5d225e71c9e42/physwizz-A245-U-u5-491e7bc/kernel/prebuilts/kernel-build-tools/linux-x86/bin/mkdtboimg.py,python,27753,1531092,22
829743320,projects/0/829743320-491e7bcdf5c41f698e5ea5ed25c5d225e71c9e42/physwizz-A245-U-u5-491e7bc/prebuilts/build-tools/common/py3-stdlib/imaplib.py,python,1650,6073,1
829743320,projects/0/829743320-491e7bcdf5c41f698e5ea5ed25c5d225e71c9e42/physwizz-A245-U-u5-491e7bc/prebuilts/build-tools/common/py3-stdlib/types.py,python,299,1153,1
829743320,projects/0/829743320-491e7bcdf5c41f698e5ea5ed25c5d225e71c9e42/physwizz-A245-U-u5-491e7bc/prebuilts/build-tools/common/py3-stdlib/importlib/_bootstrap.py,python,1189,4442,9
829743320,projects/0/829743320-491e7bcdf5c41f698e5ea5ed25c5d225e71c9e42/physwizz-A245-U-u5-491e7bc/prebuilts/build-tools/common/py3-stdlib/logging/__init__.py,python,2208,9072,2
829743320,projects/0/829743320-491e7bcdf5c41f698e5ea5ed25c5d225e71c9e42/physwizz-A245-U-u5-491e7bc/prebuilts/build-tools/common/py3-stdlib/_sitebuiltins.py,python,103,373,2
829743320,projects/0/829743320-491e7bcdf5c41f698e5ea5ed25c5d225e71c9e42/physwizz-A245-U-u5-491e7bc/prebuilts/build-tools/common/py3-stdlib/smtpd.py,python,967,3743,2
829743320,projects/0/829743320-491e7bcdf5c41f698e5ea5ed25c5d225e71c9e42/physwizz-A245-U-u5-491e7bc/prebuilts/build-tools/common/py3-stdlib/sqlite3/test/userfunctions.py,python,514,1939,1
829743320,projects/0/829743320-491e7bcdf5c41f698e5ea5ed25c5d225e71c9e42/physwizz-A245-U-u5-491e7bc/prebuilts/build-tools/common/py3-stdlib/platform.py,python,1253,4638,2
829743320,projects/0/829743320-491e7bcdf5c41f698e5ea5ed25c5d225e71c9e42/physwizz-A245-U-u5-491e7bc/prebuilts/build-tools/common/py3-stdlib/turtle.py,python,4140,16713,2
829743320,projects/0/829743320-491e7bcdf5c41f698e5ea5ed25c5d225e71c9e42/physwizz-A245-U-u5-491e7bc/prebuilts/build-tools/common/py3-stdlib/timeit.py,python,375,1699,9
829743320,projects/0/829743320-491e7bcdf5c41f698e5ea5ed25c5d225e71c9e42/physwizz-A245-U-u5-491e7bc/prebuilts/build-tools/common/py3-stdlib/runpy.py,python,300,1422,1
829743320,projects/0/829743320-491e7bcdf5c41f698e5ea5ed25c5d225e71c9e42/physwizz-A245-U-u5-491e7bc/prebuilts/build-tools/common/py3-stdlib/token.py,python,136,252,1
829743320,projects/0/829743320-491e7bcdf5c41f698e5ea5ed25c5d225e71c9e42/physwizz-A245-U-u5-491e7bc/prebuilts/build-tools/common/py3-stdlib/ctypes/__init__.py,python,563,1920,2
829743320,projects/0/829743320-491e7bcdf5c41f698e5ea5ed25c5d225e71c9e42/physwizz-A245-U-u5-491e7bc/prebuilts/build-tools/common/py3-stdlib/ctypes/test/test_pickling.py,python,81,234,1
829743320,projects/0/829743320-491e7bcdf5c41f698e5ea5ed25c5d225e71c9e42/physwizz-A245-U-u5-491e7bc/prebuilts/build-tools/common/py3-stdlib/warnings.py,python,549,2225,6
829743320,projects/0/829743320-491e7bcdf5c41f698e5ea5ed25c5d225e71c9e42/physwizz-A245-U-u5-491e7bc/prebuilts/build-tools/common/py3-stdlib/pdb.py,python,1731,7166,13
829743320,projects/0/829743320-491e7bcdf5c41f698e5ea5ed25c5d225e71c9e42/physwizz-A245-U-u5-491e7bc/prebuilts/build-tools/common/py3-stdlib/json/encoder.py,python,442,1592,1
829743320,projects/0/829743320-491e7bcdf5c41f698e5ea5ed25c5d225e71c9e42/physwizz-A245-U-u5-491e7bc/prebuilts/build-tools/common/py3-stdlib/doctest.py,python,2793,11934,21
829743320,projects/0/829743320-491e7bcdf5c41f698e5ea5ed25c5d225e71c9e42/physwizz-A245-U-u5-491e7bc/prebuilts/build-tools/common/py3-stdlib/pydoc_data/topics.py,python,14080,69571,21
829743320,projects/0/829743320-491e7bcdf5c41f698e5ea5ed25c5d225e71c9e42/physwizz-A245-U-u5-491e7bc/prebuilts/build-tools/common/py3-stdlib/inspect.py,python,3192,12640,2
829743320,projects/0/829743320-491e7bcdf5c41f698e5ea5ed25c5d225e71c9e42/physwizz-A245-U-u5-491e7bc/prebuilts/build-tools/common/py3-stdlib/crypt.py,python,120,503,1
829743320,projects/0/829743320-491e7bcdf5c41f698e5ea5ed25c5d225e71c9e42/physwizz-A245-U-u5-491e7bc/prebuilts/build-tools/common/py3-stdlib/hashlib.py,python,262,1137,1
829743320,projects/0/829743320-491e7bcdf5c41f698e5ea5ed25c5d225e71c9e42/physwizz-A245-U-u5-491e7bc/prebuilts/build-tools/common/py3-stdlib/trace.py,python,740,3251,4
829743320,projects/0/829743320-491e7bcdf5c41f698e5ea5ed25c5d225e71c9e42/physwizz-A245-U-u5-491e7bc/prebuilts/build-tools/common/py3-stdlib/bdb.py,python,864,3795,17
829743320,projects/0/829743320-491e7bcdf5c41f698e5ea5ed25c5d225e71c9e42/physwizz-A245-U-u5-491e7bc/prebuilts/build-tools/common/py3-stdlib/unittest/__init__.py,python,95,446,1
829743320,projects/0/829743320-491e7bcdf5c41f698e5ea5ed25c5d225e71c9e42/physwizz-A245-U-u5-491e7bc/prebuilts/build-tools/common/py3-stdlib/xml/sax/__init__.py,python,107,417,1
829743320,projects/0/829743320-491e7bcdf5c41f698e5ea5ed25c5d225e71c9e42/physwizz-A245-U-u5-491e7bc/prebuilts/build-tools/common/py3-stdlib/multiprocessing/__init__.py,python,37,130,1
829743320,projects/0/829743320-491e7bcdf5c41f698e5ea5ed25c5d225e71c9e42/physwizz-A245-U-u5-491e7bc/prebuilts/build-tools/common/py3-stdlib/multiprocessing/context.py,python,362,1124,2
829743320,projects/0/829743320-491e7bcdf5c41f698e5ea5ed25c5d225e71c9e42/physwizz-A245-U-u5-491e7bc/prebuilts/build-tools/common/py3-stdlib/multiprocessing/pool.py,python,954,3239,1
829743320,projects/0/829743320-491e7bcdf5c41f698e5ea5ed25c5d225e71c9e42/physwizz-A245-U-u5-491e7bc/prebuilts/build-tools/common/py3-stdlib/multiprocessing/util.py,python,489,1505,3
829743320,projects/0/829743320-491e7bcdf5c41f698e5ea5ed25c5d225e71c9e42/physwizz-A245-U-u5-491e7bc/prebuilts/build-tools/common/py3-stdlib/cProfile.py,python,185,653,4
829743320,projects/0/829743320-491e7bcdf5c41f698e5ea5ed25c5d225e71c9e42/physwizz-A245-U-u5-491e7bc/prebuilts/build-tools/common/py3-stdlib/sre_constants.py,python,259,707,1
829743320,projects/0/829743320-491e7bcdf5c41f698e5ea5ed25c5d225e71c9e42/physwizz-A245-U-u5-491e7bc/prebuilts/build-tools/common/py3-stdlib/signal.py,python,85,251,1
829743320,projects/0/829743320-491e7bcdf5c41f698e5ea5ed25c5d225e71c9e42/physwizz-A245-U-u5-491e7bc/prebuilts/build-tools/common/py3-stdlib/plistlib.py,python,902,3191,1
829743320,projects/0/829743320-491e7bcdf5c41f698e5ea5ed25c5d225e71c9e42/physwizz-A245-U-u5-491e7bc/prebuilts/build-tools/common/py3-stdlib/collections/__init__.py,python,1508,5841,1
829743320,projects/0/829743320-491e7bcdf5c41f698e5ea5ed25c5d225e71c9e42/physwizz-A245-U-u5-491e7bc/prebuilts/build-tools/common/py3-stdlib/os.py,python,1116,4775,2
829743320,projects/0/829743320-491e7bcdf5c41f698e5ea5ed25c5d225e71c9e42/physwizz-A245-U-u5-491e7bc/prebuilts/build-tools/common/py3-stdlib/socket.py,python,958,4247,2
829743320,projects/0/829743320-491e7bcdf5c41f698e5ea5ed25c5d225e71c9e42/physwizz-A245-U-u5-491e7bc/prebuilts/build-tools/common/py3-stdlib/typing.py,python,2203,8541,7
829743320,projects/0/829743320-491e7bcdf5c41f698e5ea5ed25c5d225e71c9e42/physwizz-A245-U-u5-491e7bc/prebuilts/build-tools/common/py3-stdlib/asyncio/windows_utils.py,python,173,533,1
829743320,projects/0/829743320-491e7bcdf5c41f698e5ea5ed25c5d225e71c9e42/physwizz-A245-U-u5-491e7bc/prebuilts/build-tools/common/py3-stdlib/_pyio.py,python,2692,10988,1
829743320,projects/0/829743320-491e7bcdf5c41f698e5ea5ed25c5d225e71c9e42/physwizz-A245-U-u5-491e7bc/prebuilts/build-tools/common/py3-stdlib/urllib/request.py,python,2770,10983,1
829743320,projects/0/829743320-491e7bcdf5c41f698e5ea5ed25c5d225e71c9e42/physwizz-A245-U-u5-491e7bc/prebuilts/build-tools/common/py3-stdlib/locale.py,python,1755,7116,3
829743320,projects/0/829743320-491e7bcdf5c41f698e5ea5ed25c5d225e71c9e42/physwizz-A245-U-u5-491e7bc/prebuilts/build-tools/common/py3-stdlib/symbol.py,python,122,288,1
829743320,projects/0/829743320-491e7bcdf5c41f698e5ea5ed25c5d225e71c9e42/physwizz-A245-U-u5-491e7bc/prebuilts/build-tools/common/py3-stdlib/dataclasses.py,python,1284,5936,37
829743320,projects/0/829743320-491e7bcdf5c41f698e5ea5ed25c5d225e71c9e42/physwizz-A245-U-u5-491e7bc/prebuilts/build-tools/common/py3-stdlib/http/client.py,python,1495,6270,1
829743320,projects/0/829743320-491e7bcdf5c41f698e5ea5ed25c5d225e71c9e42/physwizz-A245-U-u5-491e7bc/prebuilts/build-tools/common/py3-stdlib/sysconfig.py,python,712,2584,1
829743320,projects/0/829743320-491e7bcdf5c41f698e5ea5ed25c5d225e71c9e42/physwizz-A245-U-u5-491e7bc/prebuilts/build-tools/common/py3-stdlib/re.py,python,384,2061,1
829743320,projects/0/829743320-491e7bcdf5c41f698e5ea5ed25c5d225e71c9e42/physwizz-A245-U-u5-491e7bc/prebuilts/build-tools/common/py3-stdlib/profile.py,python,605,2828,8
829743320,projects/0/829743320-491e7bcdf5c41f698e5ea5ed25c5d225e71c9e42/physwizz-A245-U-u5-491e7bc/prebuilts/build-tools/common/py3-stdlib/distutils/sysconfig.py,python,555,2371,2
829743320,projects/0/829743320-491e7bcdf5c41f698e5ea5ed25c5d225e71c9e42/physwizz-A245-U-u5-491e7bc/prebuilts/build-tools/common/py3-stdlib/distutils/msvc9compiler.py,python,788,3168,1
829743320,projects/0/829743320-491e7bcdf5c41f698e5ea5ed25c5d225e71c9e42/physwizz-A245-U-u5-491e7bc/prebuilts/build-tools/common/py3-stdlib/rlcompleter.py,python,205,812,2
829743320,projects/0/829743320-491e7bcdf5c41f698e5ea5ed25c5d225e71c9e42/physwizz-A245-U-u5-491e7bc/prebuilts/clang/host/linux-x86/clang-r416183b/python3/lib/python3.9/imaplib.py,python,1650,6073,1
829743320,projects/0/829743320-491e7bcdf5c41f698e5ea5ed25c5d225e71c9e42/physwizz-A245-U-u5-491e7bc/prebuilts/clang/host/linux-x86/clang-r416183b/python3/lib/python3.9/types.py,python,299,1153,1
829743320,projects/0/829743320-491e7bcdf5c41f698e5ea5ed25c5d225e71c9e42/physwizz-A245-U-u5-491e7bc/prebuilts/clang/host/linux-x86/clang-r416183b/python3/lib/python3.9/importlib/_bootstrap.py,python,1189,4442,9
829743320,projects/0/829743320-491e7bcdf5c41f698e5ea5ed25c5d225e71c9e42/physwizz-A245-U-u5-491e7bc/prebuilts/clang/host/linux-x86/clang-r416183b/python3/lib/python3.9/logging/__init__.py,python,2208,9072,2
829743320,projects/0/829743320-491e7bcdf5c41f698e5ea5ed25c5d225e71c9e42/physwizz-A245-U-u5-491e7bc/prebuilts/clang/host/linux-x86/clang-r416183b/python3/lib/python3.9/_sitebuiltins.py,python,103,373,2
829743320,projects/0/829743320-491e7bcdf5c41f698e5ea5ed25c5d225e71c9e42/physwizz-A245-U-u5-491e7bc/prebuilts/clang/host/linux-x86/clang-r416183b/python3/lib/python3.9/smtpd.py,python,967,3743,2
829743320,projects/0/829743320-491e7bcdf5c41f698e5ea5ed25c5d225e71c9e42/physwizz-A245-U-u5-491e7bc/prebuilts/clang/host/linux-x86/clang-r416183b/python3/lib/python3.9/platform.py,python,1253,4638,2
829743320,projects/0/829743320-491e7bcdf5c41f698e5ea5ed25c5d225e71c9e42/physwizz-A245-U-u5-491e7bc/prebuilts/clang/host/linux-x86/clang-r416183b/python3/lib/python3.9/zoneinfo/__init__.py,python,31,64,1
829743320,projects/0/829743320-491e7bcdf5c41f698e5ea5ed25c5d225e71c9e42/physwizz-A245-U-u5-491e7bc/prebuilts/clang/host/linux-x86/clang-r416183b/python3/lib/python3.9/timeit.py,python,375,1699,9
829743320,projects/0/829743320-491e7bcdf5c41f698e5ea5ed25c5d225e71c9e42/physwizz-A245-U-u5-491e7bc/prebuilts/clang/host/linux-x86/clang-r416183b/python3/lib/python3.9/runpy.py,python,300,1422,1
829743320,projects/0/829743320-491e7bcdf5c41f698e5ea5ed25c5d225e71c9e42/physwizz-A245-U-u5-491e7bc/prebuilts/clang/host/linux-x86/clang-r416183b/python3/lib/python3.9/site-packages/setuptools/_vendor/six.py,python,868,2987,1
829743320,projects/0/829743320-491e7bcdf5c41f698e5ea5ed25c5d225e71c9e42/physwizz-A245-U-u5-491e7bc/prebuilts/clang/host/linux-x86/clang-r416183b/python3/lib/python3.9/site-packages/setuptools/depends.py,python,176,656,2
829743320,projects/0/829743320-491e7bcdf5c41f698e5ea5ed25c5d225e71c9e42/physwizz-A245-U-u5-491e7bc/prebuilts/clang/host/linux-x86/clang-r416183b/python3/lib/python3.9/site-packages/setuptools/_distutils/sysconfig.py,python,573,2437,3
829743320,projects/0/829743320-491e7bcdf5c41f698e5ea5ed25c5d225e71c9e42/physwizz-A245-U-u5-491e7bc/prebuilts/clang/host/linux-x86/clang-r416183b/python3/lib/python3.9/site-packages/setuptools/_distutils/msvc9compiler.py,python,788,3168,1
829743320,projects/0/829743320-491e7bcdf5c41f698e5ea5ed25c5d225e71c9e42/physwizz-A245-U-u5-491e7bc/prebuilts/clang/host/linux-x86/clang-r416183b/python3/lib/python3.9/site-packages/setuptools/sandbox.py,python,492,1548,3
829743320,projects/0/829743320-491e7bcdf5c41f698e5ea5ed25c5d225e71c9e42/physwizz-A245-U-u5-491e7bc/prebuilts/clang/host/linux-x86/clang-r416183b/python3/lib/python3.9/site-packages/setuptools/command/build_ext.py,python,332,1277,1
829743320,projects/0/829743320-491e7bcdf5c41f698e5ea5ed25c5d225e71c9e42/physwizz-A245-U-u5-491e7bc/prebuilts/clang/host/linux-x86/clang-r416183b/python3/lib/python3.9/site-packages/setuptools/command/easy_install.py,python,2339,9191,1
829743320,projects/0/829743320-491e7bcdf5c41f698e5ea5ed25c5d225e71c9e42/physwizz-A245-U-u5-491e7bc/prebuilts/clang/host/linux-x86/clang-r416183b/python3/lib/python3.9/site-packages/pkg_resources/__init__.py,python,3302,11815,7
829743320,projects/0/829743320-491e7bcdf5c41f698e5ea5ed25c5d225e71c9e42/physwizz-A245-U-u5-491e7bc/prebuilts/clang/host/linux-x86/clang-r416183b/python3/lib/python3.9/site-packages/pkg_resources/_vendor/six.py,python,868,2987,1
829743320,projects/0/829743320-491e7bcdf5c41f698e5ea5ed25c5d225e71c9e42/physwizz-A245-U-u5-491e7bc/prebuilts/clang/host/linux-x86/clang-r416183b/python3/lib/python3.9/site-packages/pip/_internal/commands/debug.py,python,229,729,1
829743320,projects/0/829743320-491e7bcdf5c41f698e5ea5ed25c5d225e71c9e42/physwizz-A245-U-u5-491e7bc/prebuilts/clang/host/linux-x86/clang-r416183b/python3/lib/python3.9/site-packages/pip/_internal/cli/parser.py,python,266,993,1
829743320,projects/0/829743320-491e7bcdf5c41f698e5ea5ed25c5d225e71c9e42/physwizz-A245-U-u5-491e7bc/prebuilts/clang/host/linux-x86/clang-r416183b/python3/lib/python3.9/site-packages/pip/_vendor/distlib/_backport/sysconfig.py,python,786,2935,7
829743320,projects/0/829743320-491e7bcdf5c41f698e5ea5ed25c5d225e71c9e42/physwizz-A245-U-u5-491e7bc/prebuilts/clang/host/linux-x86/clang-r416183b/python3/lib/python3.9/site-packages/pip/_vendor/__init__.py,python,110,572,1
829743320,projects/0/829743320-491e7bcdf5c41f698e5ea5ed25c5d225e71c9e42/physwizz-A245-U-u5-491e7bc/prebuilts/clang/host/linux-x86/clang-r416183b/python3/lib/python3.9/site-packages/pip/_vendor/pkg_resources/__init__.py,python,3296,11796,7
829743320,projects/0/829743320-491e7bcdf5c41f698e5ea5ed25c5d225e71c9e42/physwizz-A245-U-u5-491e7bc/prebuilts/clang/host/linux-x86/clang-r416183b/python3/lib/python3.9/site-packages/pip/_vendor/urllib3/packages/six.py,python,1021,3235,1
829743320,projects/0/829743320-491e7bcdf5c41f698e5ea5ed25c5d225e71c9e42/physwizz-A245-U-u5-491e7bc/prebuilts/clang/host/linux-x86/clang-r416183b/python3/lib/python3.9/site-packages/pip/_vendor/pep517/_in_process.py,python,280,872,1
829743320,projects/0/829743320-491e7bcdf5c41f698e5ea5ed25c5d225e71c9e42/physwizz-A245-U-u5-491e7bc/prebuilts/clang/host/linux-x86/clang-r416183b/python3/lib/python3.9/site-packages/pip/_vendor/six.py,python,982,3399,1
829743320,projects/0/829743320-491e7bcdf5c41f698e5ea5ed25c5d225e71c9e42/physwizz-A245-U-u5-491e7bc/prebuilts/clang/host/linux-x86/clang-r416183b/python3/lib/python3.9/token.py,python,136,252,1
829743320,projects/0/829743320-491e7bcdf5c41f698e5ea5ed25c5d225e71c9e42/physwizz-A245-U-u5-491e7bc/prebuilts/clang/host/linux-x86/clang-r416183b/python3/lib/python3.9/ctypes/__init__.py,python,563,1920,2
829743320,projects/0/829743320-491e7bcdf5c41f698e5ea5ed25c5d225e71c9e42/physwizz-A245-U-u5-491e7bc/prebuilts/clang/host/linux-x86/clang-r416183b/python3/lib/python3.9/warnings.py,python,549,2225,6
829743320,projects/0/829743320-491e7bcdf5c41f698e5ea5ed25c5d225e71c9e42/physwizz-A245-U-u5-491e7bc/prebuilts/clang/host/linux-x86/clang-r416183b/python3/lib/python3.9/pdb.py,python,1731,7166,13
829743320,projects/0/829743320-491e7bcdf5c41f698e5ea5ed25c5d225e71c9e42/physwizz-A245-U-u5-491e7bc/prebuilts/clang/host/linux-x86/clang-r416183b/python3/lib/python3.9/json/encoder.py,python,442,1592,1
829743320,projects/0/829743320-491e7bcdf5c41f698e5ea5ed25c5d225e71c9e42/physwizz-A245-U-u5-491e7bc/prebuilts/clang/host/linux-x86/clang-r416183b/python3/lib/python3.9/dbm/dumb.py,python,316,1542,2
829743320,projects/0/829743320-491e7bcdf5c41f698e5ea5ed25c5d225e71c9e42/physwizz-A245-U-u5-491e7bc/prebuilts/clang/host/linux-x86/clang-r416183b/python3/lib/python3.9/doctest.py,python,2793,11934,21
829743320,projects/0/829743320-491e7bcdf5c41f698e5ea5ed25c5d225e71c9e42/physwizz-A245-U-u5-491e7bc/prebuilts/clang/host/linux-x86/clang-r416183b/python3/lib/python3.9/pydoc_data/topics.py,python,14080,69571,21
829743320,projects/0/829743320-491e7bcdf5c41f698e5ea5ed25c5d225e71c9e42/physwizz-A245-U-u5-491e7bc/prebuilts/clang/host/linux-x86/clang-r416183b/python3/lib/python3.9/inspect.py,python,3192,12640,2
829743320,projects/0/829743320-491e7bcdf5c41f698e5ea5ed25c5d225e71c9e42/physwizz-A245-U-u5-491e7bc/prebuilts/clang/host/linux-x86/clang-r416183b/python3/lib/python3.9/crypt.py,python,120,503,1
829743320,projects/0/829743320-491e7bcdf5c41f698e5ea5ed25c5d225e71c9e42/physwizz-A245-U-u5-491e7bc/prebuilts/clang/host/linux-x86/clang-r416183b/python3/lib/python3.9/hashlib.py,python,262,1137,1
829743320,projects/0/829743320-491e7bcdf5c41f698e5ea5ed25c5d225e71c9e42/physwizz-A245-U-u5-491e7bc/prebuilts/clang/host/linux-x86/clang-r416183b/python3/lib/python3.9/trace.py,python,740,3251,4
829743320,projects/0/829743320-491e7bcdf5c41f698e5ea5ed25c5d225e71c9e42/physwizz-A245-U-u5-491e7bc/prebuilts/clang/host/linux-x86/clang-r416183b/python3/lib/python3.9/bdb.py,python,864,3795,17
829743320,projects/0/829743320-491e7bcdf5c41f698e5ea5ed25c5d225e71c9e42/physwizz-A245-U-u5-491e7bc/prebuilts/clang/host/linux-x86/clang-r416183b/python3/lib/python3.9/unittest/__init__.py,python,95,446,1
829743320,projects/0/829743320-491e7bcdf5c41f698e5ea5ed25c5d225e71c9e42/physwizz-A245-U-u5-491e7bc/prebuilts/clang/host/linux-x86/clang-r416183b/python3/lib/python3.9/xml/sax/__init__.py,python,107,417,1
829743320,projects/0/829743320-491e7bcdf5c41f698e5ea5ed25c5d225e71c9e42/physwizz-A245-U-u5-491e7bc/prebuilts/clang/host/linux-x86/clang-r416183b/python3/lib/python3.9/multiprocessing/__init__.py,python,37,130,1
829743320,projects/0/829743320-491e7bcdf5c41f698e5ea5ed25c5d225e71c9e42/physwizz-A245-U-u5-491e7bc/prebuilts/clang/host/linux-x86/clang-r416183b/python3/lib/python3.9/multiprocessing/context.py,python,362,1124,2
829743320,projects/0/829743320-491e7bcdf5c41f698e5ea5ed25c5d225e71c9e42/physwizz-A245-U-u5-491e7bc/prebuilts/clang/host/linux-x86/clang-r416183b/python3/lib/python3.9/multiprocessing/pool.py,python,954,3239,1
829743320,projects/0/829743320-491e7bcdf5c41f698e5ea5ed25c5d225e71c9e42/physwizz-A245-U-u5-491e7bc/prebuilts/clang/host/linux-x86/clang-r416183b/python3/lib/python3.9/multiprocessing/util.py,python,489,1505,3
829743320,projects/0/829743320-491e7bcdf5c41f698e5ea5ed25c5d225e71c9e42/physwizz-A245-U-u5-491e7bc/prebuilts/clang/host/linux-x86/clang-r416183b/python3/lib/python3.9/cProfile.py,python,185,653,4
829743320,projects/0/829743320-491e7bcdf5c41f698e5ea5ed25c5d225e71c9e42/physwizz-A245-U-u5-491e7bc/prebuilts/clang/host/linux-x86/clang-r416183b/python3/lib/python3.9/sre_constants.py,python,259,707,1
829743320,projects/0/829743320-491e7bcdf5c41f698e5ea5ed25c5d225e71c9e42/physwizz-A245-U-u5-491e7bc/prebuilts/clang/host/linux-x86/clang-r416183b/python3/lib/python3.9/signal.py,python,85,251,1
829743320,projects/0/829743320-491e7bcdf5c41f698e5ea5ed25c5d225e71c9e42/physwizz-A245-U-u5-491e7bc/prebuilts/clang/host/linux-x86/clang-r416183b/python3/lib/python3.9/plistlib.py,python,902,3191,1
829743320,projects/0/829743320-491e7bcdf5c41f698e5ea5ed25c5d225e71c9e42/physwizz-A245-U-u5-491e7bc/prebuilts/clang/host/linux-x86/clang-r416183b/python3/lib/python3.9/collections/__init__.py,python,1508,5841,1
829743320,projects/0/829743320-491e7bcdf5c41f698e5ea5ed25c5d225e71c9e42/physwizz-A245-U-u5-491e7bc/prebuilts/clang/host/linux-x86/clang-r416183b/python3/lib/python3.9/os.py,python,1116,4775,2
829743320,projects/0/829743320-491e7bcdf5c41f698e5ea5ed25c5d225e71c9e42/physwizz-A245-U-u5-491e7bc/prebuilts/clang/host/linux-x86/clang-r416183b/python3/lib/python3.9/socket.py,python,958,4247,2
829743320,projects/0/829743320-491e7bcdf5c41f698e5ea5ed25c5d225e71c9e42/physwizz-A245-U-u5-491e7bc/prebuilts/clang/host/linux-x86/clang-r416183b/python3/lib/python3.9/typing.py,python,2203,8541,7
829743320,projects/0/829743320-491e7bcdf5c41f698e5ea5ed25c5d225e71c9e42/physwizz-A245-U-u5-491e7bc/prebuilts/clang/host/linux-x86/clang-r416183b/python3/lib/python3.9/asyncio/windows_utils.py,python,173,533,1
829743320,projects/0/829743320-491e7bcdf5c41f698e5ea5ed25c5d225e71c9e42/physwizz-A245-U-u5-491e7bc/prebuilts/clang/host/linux-x86/clang-r416183b/python3/lib/python3.9/_pyio.py,python,2692,10988,1
829743320,projects/0/829743320-491e7bcdf5c41f698e5ea5ed25c5d225e71c9e42/physwizz-A245-U-u5-491e7bc/prebuilts/clang/host/linux-x86/clang-r416183b/python3/lib/python3.9/urllib/request.py,python,2770,10983,1
829743320,projects/0/829743320-491e7bcdf5c41f698e5ea5ed25c5d225e71c9e42/physwizz-A245-U-u5-491e7bc/prebuilts/clang/host/linux-x86/clang-r416183b/python3/lib/python3.9/locale.py,python,1755,7116,3
829743320,projects/0/829743320-491e7bcdf5c41f698e5ea5ed25c5d225e71c9e42/physwizz-A245-U-u5-491e7bc/prebuilts/clang/host/linux-x86/clang-r416183b/python3/lib/python3.9/symbol.py,python,122,288,1
829743320,projects/0/829743320-491e7bcdf5c41f698e5ea5ed25c5d225e71c9e42/physwizz-A245-U-u5-491e7bc/prebuilts/clang/host/linux-x86/clang-r416183b/python3/lib/python3.9/dataclasses.py,python,1284,5936,37
829743320,projects/0/829743320-491e7bcdf5c41f698e5ea5ed25c5d225e71c9e42/physwizz-A245-U-u5-491e7bc/prebuilts/clang/host/linux-x86/clang-r416183b/python3/lib/python3.9/http/client.py,python,1495,6270,1
829743320,projects/0/829743320-491e7bcdf5c41f698e5ea5ed25c5d225e71c9e42/physwizz-A245-U-u5-491e7bc/prebuilts/clang/host/linux-x86/clang-r416183b/python3/lib/python3.9/sysconfig.py,python,712,2584,1
829743320,projects/0/829743320-491e7bcdf5c41f698e5ea5ed25c5d225e71c9e42/physwizz-A245-U-u5-491e7bc/prebuilts/clang/host/linux-x86/clang-r416183b/python3/lib/python3.9/re.py,python,384,2061,1
829743320,projects/0/829743320-491e7bcdf5c41f698e5ea5ed25c5d225e71c9e42/physwizz-A245-U-u5-491e7bc/prebuilts/clang/host/linux-x86/clang-r416183b/python3/lib/python3.9/profile.py,python,605,2828,8
829743320,projects/0/829743320-491e7bcdf5c41f698e5ea5ed25c5d225e71c9e42/physwizz-A245-U-u5-491e7bc/prebuilts/clang/host/linux-x86/clang-r416183b/python3/lib/python3.9/lib2to3/fixes/fix_execfile.py,python,53,220,5
829743320,projects/0/829743320-491e7bcdf5c41f698e5ea5ed25c5d225e71c9e42/physwizz-A245-U-u5-491e7bc/prebuilts/clang/host/linux-x86/clang-r416183b/python3/lib/python3.9/lib2to3/pgen2/token.py,python,86,188,1
829743320,projects/0/829743320-491e7bcdf5c41f698e5ea5ed25c5d225e71c9e42/physwizz-A245-U-u5-491e7bc/prebuilts/clang/host/linux-x86/clang-r416183b/python3/lib/python3.9/distutils/sysconfig.py,python,555,2371,2
829743320,projects/0/829743320-491e7bcdf5c41f698e5ea5ed25c5d225e71c9e42/physwizz-A245-U-u5-491e7bc/prebuilts/clang/host/linux-x86/clang-r416183b/python3/lib/python3.9/distutils/msvc9compiler.py,python,788,3168,1
829743320,projects/0/829743320-491e7bcdf5c41f698e5ea5ed25c5d225e71c9e42/physwizz-A245-U-u5-491e7bc/prebuilts/clang/host/linux-x86/clang-r416183b/python3/lib/python3.9/rlcompleter.py,python,205,812,2
829743320,projects/0/829743320-491e7bcdf5c41f698e5ea5ed25c5d225e71c9e42/physwizz-A245-U-u5-491e7bc/prebuilts/clang/host/linux-x86/clang-r416183b/lib/python3.9/site-packages/six.py,python,887,2987,1
829743320,projects/0/829743320-491e7bcdf5c41f698e5ea5ed25c5d225e71c9e42/physwizz-A245-U-u5-491e7bc/kernel-5.10/Documentation/sphinx/rstFlatTable.py,python,374,1314,1
829743320,projects/0/829743320-491e7bcdf5c41f698e5ea5ed25c5d225e71c9e42/physwizz-A245-U-u5-491e7bc/kernel-5.10/Documentation/conf.py,python,633,2524,1
92771870,projects/0/92771870-4557e9280d024532812bc92a7ff41f3607d7b3aa/m65v-opendlv.scaledcars-4557e92/opendlv.scaledcars-master/opendlv.scaledcars-master/thirdparty/cxxtest/admin/virtualenv_1.7.py,python,2102,7652,3
92771870,projects/0/92771870-4557e9280d024532812bc92a7ff41f3607d7b3aa/m65v-opendlv.scaledcars-4557e92/opendlv.scaledcars-master/opendlv.scaledcars-master/thirdparty/cxxtest/admin/virtualenv.py,python,2581,9820,3
761969297,projects/0/761969297-7adb85977c0d225f641021c2cafbcc9aff3a46c6/kila58-qemu-patched-7adb859/scripts/tracetool/__init__.py,python,453,1467,1
761969297,projects/0/761969297-7adb85977c0d225f641021c2cafbcc9aff3a46c6/kila58-qemu-patched-7adb859/roms/edk2/BaseTools/Scripts/ConvertMasmToNasm.py,python,1005,3305,3
761969297,projects/0/761969297-7adb85977c0d225f641021c2cafbcc9aff3a46c6/kila58-qemu-patched-7adb859/roms/edk2/BaseTools/Scripts/ConvertFceToStructurePcd.py,python,742,3212,1
761969297,projects/0/761969297-7adb85977c0d225f641021c2cafbcc9aff3a46c6/kila58-qemu-patched-7adb859/roms/edk2/BaseTools/Scripts/RunMakefile.py,python,172,561,2
761969297,projects/0/761969297-7adb85977c0d225f641021c2cafbcc9aff3a46c6/kila58-qemu-patched-7adb859/roms/edk2/BaseTools/Scripts/DetectNotUsedItem.py,python,198,824,1
761969297,projects/0/761969297-7adb85977c0d225f641021c2cafbcc9aff3a46c6/kila58-qemu-patched-7adb859/roms/edk2/BaseTools/Scripts/BinToPcd.py,python,220,1080,1
761969297,projects/0/761969297-7adb85977c0d225f641021c2cafbcc9aff3a46c6/kila58-qemu-patched-7adb859/roms/edk2/BaseTools/Source/Python/Capsule/GenerateWindowsDriver.py,python,120,493,1
761969297,projects/0/761969297-7adb85977c0d225f641021c2cafbcc9aff3a46c6/kila58-qemu-patched-7adb859/roms/edk2/BaseTools/Source/Python/Capsule/GenerateCapsule.py,python,1076,4214,1
761969297,projects/0/761969297-7adb85977c0d225f641021c2cafbcc9aff3a46c6/kila58-qemu-patched-7adb859/roms/edk2/BaseTools/Source/Python/Rsa2048Sha256Sign/Rsa2048Sha256Sign.py,python,235,985,1
761969297,projects/0/761969297-7adb85977c0d225f641021c2cafbcc9aff3a46c6/kila58-qemu-patched-7adb859/roms/edk2/BaseTools/Source/Python/Rsa2048Sha256Sign/Rsa2048Sha256GenerateKeys.py,python,170,809,1
761969297,projects/0/761969297-7adb85977c0d225f641021c2cafbcc9aff3a46c6/kila58-qemu-patched-7adb859/roms/edk2/BaseTools/Source/Python/Pkcs7Sign/Pkcs7Sign.py,python,280,1168,1
761969297,projects/0/761969297-7adb85977c0d225f641021c2cafbcc9aff3a46c6/kila58-qemu-patched-7adb859/tests/qemu-iotests/qed.py,python,235,860,5
761969297,projects/0/761969297-7adb85977c0d225f641021c2cafbcc9aff3a46c6/kila58-qemu-patched-7adb859/tests/guest-debug/test-gdbstub.py,python,177,567,1
761969297,projects/0/761969297-7adb85977c0d225f641021c2cafbcc9aff3a46c6/kila58-qemu-patched-7adb859/tests/tcg/aarch64/gdbstub/test-sve-ioctl.py,python,92,345,1
761969297,projects/0/761969297-7adb85977c0d225f641021c2cafbcc9aff3a46c6/kila58-qemu-patched-7adb859/python/qemu/utils/qemu_ga_client.py,python,323,1113,1
726697627,projects/0/726697627-d66d73ad016cbbd9b598706c4e88e27f0845a00e/nasttymain-SecondLF-d66d73a/secondlf.py,python,665,3435,1
704716381,projects/0/704716381-61e279067d92235fb7503df2b04ba1fbeb5c296f/nico-ig-UDP-Video-Streaming-61e2790/src/client/stream/Stream.py,python,103,325,1
704716381,projects/0/704716381-61e279067d92235fb7503df2b04ba1fbeb5c296f/nico-ig-UDP-Video-Streaming-61e2790/src/client/stream/Packets.py,python,36,105,1
704716381,projects/0/704716381-61e279067d92235fb7503df2b04ba1fbeb5c296f/nico-ig-UDP-Video-Streaming-61e2790/src/client/handshake/open_stream/Packets.py,python,120,381,1
704716381,projects/0/704716381-61e279067d92235fb7503df2b04ba1fbeb5c296f/nico-ig-UDP-Video-Streaming-61e2790/src/client/handshake/open_stream/OpenStream.py,python,64,269,1
704716381,projects/0/704716381-61e279067d92235fb7503df2b04ba1fbeb5c296f/nico-ig-UDP-Video-Streaming-61e2790/src/client/handshake/register/Register.py,python,114,442,1
704716381,projects/0/704716381-61e279067d92235fb7503df2b04ba1fbeb5c296f/nico-ig-UDP-Video-Streaming-61e2790/src/client/handshake/register/Packets.py,python,70,235,1
704716381,projects/0/704716381-61e279067d92235fb7503df2b04ba1fbeb5c296f/nico-ig-UDP-Video-Streaming-61e2790/src/client/MainClient.py,python,66,217,1
704716381,projects/0/704716381-61e279067d92235fb7503df2b04ba1fbeb5c296f/nico-ig-UDP-Video-Streaming-61e2790/src/server/stream/Stream.py,python,64,242,1
704716381,projects/0/704716381-61e279067d92235fb7503df2b04ba1fbeb5c296f/nico-ig-UDP-Video-Streaming-61e2790/src/server/handshake/open_stream/OpenStream.py,python,148,507,1
704716381,projects/0/704716381-61e279067d92235fb7503df2b04ba1fbeb5c296f/nico-ig-UDP-Video-Streaming-61e2790/src/server/handshake/register/Register.py,python,107,349,1
704716381,projects/0/704716381-61e279067d92235fb7503df2b04ba1fbeb5c296f/nico-ig-UDP-Video-Streaming-61e2790/src/server/MainServer.py,python,80,274,1
118961249,projects/0/118961249-99262e1f53617d2ea1d64fe2e8ddf9fced51426b/SSDeepthiKatta-Python-99262e1/LAB2/SourceCode/LAB2/venv/Lib/types.py,python,266,1052,1
118961249,projects/0/118961249-99262e1f53617d2ea1d64fe2e8ddf9fced51426b/SSDeepthiKatta-Python-99262e1/LAB2/SourceCode/LAB2/venv/Lib/importlib/_bootstrap.py,python,1161,4251,9
118961249,projects/0/118961249-99262e1f53617d2ea1d64fe2e8ddf9fced51426b/SSDeepthiKatta-Python-99262e1/LAB2/SourceCode/LAB2/venv/Lib/site-packages/setuptools/depends.py,python,186,701,2
118961249,projects/0/118961249-99262e1f53617d2ea1d64fe2e8ddf9fced51426b/SSDeepthiKatta-Python-99262e1/LAB2/SourceCode/LAB2/venv/Lib/site-packages/setuptools/sandbox.py,python,491,1550,3
118961249,projects/0/118961249-99262e1f53617d2ea1d64fe2e8ddf9fced51426b/SSDeepthiKatta-Python-99262e1/LAB2/SourceCode/LAB2/venv/Lib/site-packages/setuptools/command/build_ext.py,python,331,1296,1
118961249,projects/0/118961249-99262e1f53617d2ea1d64fe2e8ddf9fced51426b/SSDeepthiKatta-Python-99262e1/LAB2/SourceCode/LAB2/venv/Lib/site-packages/numpy/__config__.py,python,33,183,2
118961249,projects/0/118961249-99262e1f53617d2ea1d64fe2e8ddf9fced51426b/SSDeepthiKatta-Python-99262e1/LAB2/SourceCode/LAB2/venv/Lib/site-packages/numpy/tests/test_reloading.py,python,34,101,1
118961249,projects/0/118961249-99262e1f53617d2ea1d64fe2e8ddf9fced51426b/SSDeepthiKatta-Python-99262e1/LAB2/SourceCode/LAB2/venv/Lib/site-packages/numpy/_globals.py,python,62,257,1
118961249,projects/0/118961249-99262e1f53617d2ea1d64fe2e8ddf9fced51426b/SSDeepthiKatta-Python-99262e1/LAB2/SourceCode/LAB2/venv/Lib/site-packages/numpy/lib/function_base.py,python,5166,22747,1
118961249,projects/0/118961249-99262e1f53617d2ea1d64fe2e8ddf9fced51426b/SSDeepthiKatta-Python-99262e1/LAB2/SourceCode/LAB2/venv/Lib/site-packages/numpy/lib/utils.py,python,1162,3990,4
118961249,projects/0/118961249-99262e1f53617d2ea1d64fe2e8ddf9fced51426b/SSDeepthiKatta-Python-99262e1/LAB2/SourceCode/LAB2/venv/Lib/site-packages/numpy/core/tests/test_multiarray.py,python,7296,34715,1
118961249,projects/0/118961249-99262e1f53617d2ea1d64fe2e8ddf9fced51426b/SSDeepthiKatta-Python-99262e1/LAB2/SourceCode/LAB2/venv/Lib/site-packages/numpy/core/tests/test_api.py,python,517,2683,1
118961249,projects/0/118961249-99262e1f53617d2ea1d64fe2e8ddf9fced51426b/SSDeepthiKatta-Python-99262e1/LAB2/SourceCode/LAB2/venv/Lib/site-packages/numpy/core/numerictypes.py,python,1034,3138,1
118961249,projects/0/118961249-99262e1f53617d2ea1d64fe2e8ddf9fced51426b/SSDeepthiKatta-Python-99262e1/LAB2/SourceCode/LAB2/venv/Lib/site-packages/numpy/distutils/__config__.py,python,33,183,2
118961249,projects/0/118961249-99262e1f53617d2ea1d64fe2e8ddf9fced51426b/SSDeepthiKatta-Python-99262e1/LAB2/SourceCode/LAB2/venv/Lib/site-packages/numpy/distutils/misc_util.py,python,2322,8747,2
118961249,projects/0/118961249-99262e1f53617d2ea1d64fe2e8ddf9fced51426b/SSDeepthiKatta-Python-99262e1/LAB2/SourceCode/LAB2/venv/Lib/site-packages/numpy/distutils/ccompiler.py,python,826,3071,1
118961249,projects/0/118961249-99262e1f53617d2ea1d64fe2e8ddf9fced51426b/SSDeepthiKatta-Python-99262e1/LAB2/SourceCode/LAB2/venv/Lib/site-packages/numpy/distutils/system_info.py,python,2540,8739,1
118961249,projects/0/118961249-99262e1f53617d2ea1d64fe2e8ddf9fced51426b/SSDeepthiKatta-Python-99262e1/LAB2/SourceCode/LAB2/venv/Lib/site-packages/numpy/distutils/command/__init__.py,python,43,80,1
118961249,projects/0/118961249-99262e1f53617d2ea1d64fe2e8ddf9fced51426b/SSDeepthiKatta-Python-99262e1/LAB2/SourceCode/LAB2/venv/Lib/site-packages/pkg_resources/__init__.py,python,3184,11551,7
118961249,projects/0/118961249-99262e1f53617d2ea1d64fe2e8ddf9fced51426b/SSDeepthiKatta-Python-99262e1/LAB2/SourceCode/LAB2/venv/Lib/site-packages/pkg_resources/_vendor/six.py,python,868,2987,1
118961249,projects/0/118961249-99262e1f53617d2ea1d64fe2e8ddf9fced51426b/SSDeepthiKatta-Python-99262e1/LAB2/SourceCode/LAB2/venv/Lib/site-packages/pip/baseparser.py,python,293,1093,1
118961249,projects/0/118961249-99262e1f53617d2ea1d64fe2e8ddf9fced51426b/SSDeepthiKatta-Python-99262e1/LAB2/SourceCode/LAB2/venv/Lib/site-packages/pip/_vendor/distlib/_backport/sysconfig.py,python,788,2944,7
118961249,projects/0/118961249-99262e1f53617d2ea1d64fe2e8ddf9fced51426b/SSDeepthiKatta-Python-99262e1/LAB2/SourceCode/LAB2/venv/Lib/site-packages/pip/_vendor/__init__.py,python,107,585,2
118961249,projects/0/118961249-99262e1f53617d2ea1d64fe2e8ddf9fced51426b/SSDeepthiKatta-Python-99262e1/LAB2/SourceCode/LAB2/venv/Lib/site-packages/pip/_vendor/requests/packages/urllib3/packages/six.py,python,868,2987,1
118961249,projects/0/118961249-99262e1f53617d2ea1d64fe2e8ddf9fced51426b/SSDeepthiKatta-Python-99262e1/LAB2/SourceCode/LAB2/venv/Lib/site-packages/pip/_vendor/pkg_resources/__init__.py,python,3052,11230,7
118961249,projects/0/118961249-99262e1f53617d2ea1d64fe2e8ddf9fced51426b/SSDeepthiKatta-Python-99262e1/LAB2/SourceCode/LAB2/venv/Lib/site-packages/pip/_vendor/six.py,python,868,2987,1
118961249,projects/0/118961249-99262e1f53617d2ea1d64fe2e8ddf9fced51426b/SSDeepthiKatta-Python-99262e1/LAB2/SourceCode/LAB2/venv/Lib/token.py,python,143,431,1
118961249,projects/0/118961249-99262e1f53617d2ea1d64fe2e8ddf9fced51426b/SSDeepthiKatta-Python-99262e1/LAB2/SourceCode/LAB2/venv/Lib/warnings.py,python,526,2063,7
118961249,projects/0/118961249-99262e1f53617d2ea1d64fe2e8ddf9fced51426b/SSDeepthiKatta-Python-99262e1/LAB2/SourceCode/LAB2/venv/Lib/hashlib.py,python,251,1067,1
118961249,projects/0/118961249-99262e1f53617d2ea1d64fe2e8ddf9fced51426b/SSDeepthiKatta-Python-99262e1/LAB2/SourceCode/LAB2/venv/Lib/sre_constants.py,python,233,695,1
118961249,projects/0/118961249-99262e1f53617d2ea1d64fe2e8ddf9fced51426b/SSDeepthiKatta-Python-99262e1/LAB2/SourceCode/LAB2/venv/Lib/os.py,python,1069,4637,2
118961249,projects/0/118961249-99262e1f53617d2ea1d64fe2e8ddf9fced51426b/SSDeepthiKatta-Python-99262e1/LAB2/SourceCode/LAB2/venv/Lib/locale.py,python,1684,6814,3
118961249,projects/0/118961249-99262e1f53617d2ea1d64fe2e8ddf9fced51426b/SSDeepthiKatta-Python-99262e1/LAB2/SourceCode/LAB2/venv/Lib/re.py,python,381,2012,1
118961249,projects/0/118961249-99262e1f53617d2ea1d64fe2e8ddf9fced51426b/SSDeepthiKatta-Python-99262e1/LAB2/SourceCode/LAB2/venv/Lib/rlcompleter.py,python,205,812,2
118961249,projects/0/118961249-99262e1f53617d2ea1d64fe2e8ddf9fced51426b/SSDeepthiKatta-Python-99262e1/LAB3/SourceCode/LAB3/venv/Lib/types.py,python,266,1052,1
118961249,projects/0/118961249-99262e1f53617d2ea1d64fe2e8ddf9fced51426b/SSDeepthiKatta-Python-99262e1/LAB3/SourceCode/LAB3/venv/Lib/importlib/_bootstrap.py,python,1161,4251,9
118961249,projects/0/118961249-99262e1f53617d2ea1d64fe2e8ddf9fced51426b/SSDeepthiKatta-Python-99262e1/LAB3/SourceCode/LAB3/venv/Lib/site-packages/sklearn/externals/joblib/format_stack.py,python,401,1574,2
118961249,projects/0/118961249-99262e1f53617d2ea1d64fe2e8ddf9fced51426b/SSDeepthiKatta-Python-99262e1/LAB3/SourceCode/LAB3/venv/Lib/site-packages/scipy/__config__.py,python,33,183,2
118961249,projects/0/118961249-99262e1f53617d2ea1d64fe2e8ddf9fced51426b/SSDeepthiKatta-Python-99262e1/LAB3/SourceCode/LAB3/venv/Lib/site-packages/scipy/spatial/distance.py,python,2452,9800,1
118961249,projects/0/118961249-99262e1f53617d2ea1d64fe2e8ddf9fced51426b/SSDeepthiKatta-Python-99262e1/LAB3/SourceCode/LAB3/venv/Lib/site-packages/scipy/spatial/setup.py,python,86,235,1
118961249,projects/0/118961249-99262e1f53617d2ea1d64fe2e8ddf9fced51426b/SSDeepthiKatta-Python-99262e1/LAB3/SourceCode/LAB3/venv/Lib/site-packages/scipy/special/orthogonal.py,python,2081,8227,1
118961249,projects/0/118961249-99262e1f53617d2ea1d64fe2e8ddf9fced51426b/SSDeepthiKatta-Python-99262e1/LAB3/SourceCode/LAB3/venv/Lib/site-packages/scipy/stats/_discrete_distns.py,python,824,3341,1
118961249,projects/0/118961249-99262e1f53617d2ea1d64fe2e8ddf9fced51426b/SSDeepthiKatta-Python-99262e1/LAB3/SourceCode/LAB3/venv/Lib/site-packages/scipy/stats/_continuous_distns.py,python,6043,24693,1
118961249,projects/0/118961249-99262e1f53617d2ea1d64fe2e8ddf9fced51426b/SSDeepthiKatta-Python-99262e1/LAB3/SourceCode/LAB3/venv/Lib/site-packages/scipy/sparse/linalg/dsolve/linsolve.py,python,567,2345,1
118961249,projects/0/118961249-99262e1f53617d2ea1d64fe2e8ddf9fced51426b/SSDeepthiKatta-Python-99262e1/LAB3/SourceCode/LAB3/venv/Lib/site-packages/scipy/optimize/nonlin.py,python,1538,5748,1
118961249,projects/0/118961249-99262e1f53617d2ea1d64fe2e8ddf9fced51426b/SSDeepthiKatta-Python-99262e1/LAB3/SourceCode/LAB3/venv/Lib/site-packages/scipy/signal/signaltools.py,python,3445,16107,1
118961249,projects/0/118961249-99262e1f53617d2ea1d64fe2e8ddf9fced51426b/SSDeepthiKatta-Python-99262e1/LAB3/SourceCode/LAB3/venv/Lib/site-packages/pandas/tests/computation/test_eval.py,python,1909,7518,2
118961249,projects/0/118961249-99262e1f53617d2ea1d64fe2e8ddf9fced51426b/SSDeepthiKatta-Python-99262e1/LAB3/SourceCode/LAB3/venv/Lib/site-packages/pandas/tests/io/test_pickle.py,python,531,1745,1
118961249,projects/0/118961249-99262e1f53617d2ea1d64fe2e8ddf9fced51426b/SSDeepthiKatta-Python-99262e1/LAB3/SourceCode/LAB3/venv/Lib/site-packages/pandas/tests/io/test_packers.py,python,933,3443,1
118961249,projects/0/118961249-99262e1f53617d2ea1d64fe2e8ddf9fced51426b/SSDeepthiKatta-Python-99262e1/LAB3/SourceCode/LAB3/venv/Lib/site-packages/pandas/core/dtypes/missing.py,python,399,1289,2
118961249,projects/0/118961249-99262e1f53617d2ea1d64fe2e8ddf9fced51426b/SSDeepthiKatta-Python-99262e1/LAB3/SourceCode/LAB3/venv/Lib/site-packages/pandas/core/computation/engines.py,python,151,394,1
118961249,projects/0/118961249-99262e1f53617d2ea1d64fe2e8ddf9fced51426b/SSDeepthiKatta-Python-99262e1/LAB3/SourceCode/LAB3/venv/Lib/site-packages/pandas/core/computation/ops.py,python,549,1717,2
118961249,projects/0/118961249-99262e1f53617d2ea1d64fe2e8ddf9fced51426b/SSDeepthiKatta-Python-99262e1/LAB3/SourceCode/LAB3/venv/Lib/site-packages/pandas/core/computation/eval.py,python,342,1391,1
118961249,projects/0/118961249-99262e1f53617d2ea1d64fe2e8ddf9fced51426b/SSDeepthiKatta-Python-99262e1/LAB3/SourceCode/LAB3/venv/Lib/site-packages/pandas/core/computation/scope.py,python,302,1027,1
118961249,projects/0/118961249-99262e1f53617d2ea1d64fe2e8ddf9fced51426b/SSDeepthiKatta-Python-99262e1/LAB3/SourceCode/LAB3/venv/Lib/site-packages/pandas/io/packers.py,python,792,2993,13
118961249,projects/0/118961249-99262e1f53617d2ea1d64fe2e8ddf9fced51426b/SSDeepthiKatta-Python-99262e1/LAB3/SourceCode/LAB3/venv/Lib/site-packages/pandas/io/pytables.py,python,4777,17358,2
118961249,projects/0/118961249-99262e1f53617d2ea1d64fe2e8ddf9fced51426b/SSDeepthiKatta-Python-99262e1/LAB3/SourceCode/LAB3/venv/Lib/site-packages/nltk/lazyimport.py,python,142,514,9
118961249,projects/0/118961249-99262e1f53617d2ea1d64fe2e8ddf9fced51426b/SSDeepthiKatta-Python-99262e1/LAB3/SourceCode/LAB3/venv/Lib/site-packages/nltk/compat.py,python,365,1341,2
118961249,projects/0/118961249-99262e1f53617d2ea1d64fe2e8ddf9fced51426b/SSDeepthiKatta-Python-99262e1/LAB3/SourceCode/LAB3/venv/Lib/site-packages/nltk/stem/snowball.py,python,4236,16074,1
118961249,projects/0/118961249-99262e1f53617d2ea1d64fe2e8ddf9fced51426b/SSDeepthiKatta-Python-99262e1/LAB3/SourceCode/LAB3/venv/Lib/site-packages/nltk/__init__.py,python,185,702,5
118961249,projects/0/118961249-99262e1f53617d2ea1d64fe2e8ddf9fced51426b/SSDeepthiKatta-Python-99262e1/LAB3/SourceCode/LAB3/venv/Lib/site-packages/nltk/test/doctest_nose_plugin.py,python,156,541,1
118961249,projects/0/118961249-99262e1f53617d2ea1d64fe2e8ddf9fced51426b/SSDeepthiKatta-Python-99262e1/LAB3/SourceCode/LAB3/venv/Lib/site-packages/nltk/decorators.py,python,219,953,1
118961249,projects/0/118961249-99262e1f53617d2ea1d64fe2e8ddf9fced51426b/SSDeepthiKatta-Python-99262e1/LAB3/SourceCode/LAB3/venv/Lib/site-packages/matplotlib/mlab.py,python,3999,16436,1
118961249,projects/0/118961249-99262e1f53617d2ea1d64fe2e8ddf9fced51426b/SSDeepthiKatta-Python-99262e1/LAB3/SourceCode/LAB3/venv/Lib/site-packages/matplotlib/pyplot.py,python,4089,16574,2
118961249,projects/0/118961249-99262e1f53617d2ea1d64fe2e8ddf9fced51426b/SSDeepthiKatta-Python-99262e1/LAB3/SourceCode/LAB3/venv/Lib/site-packages/matplotlib/backends/__init__.py,python,95,350,1
118961249,projects/0/118961249-99262e1f53617d2ea1d64fe2e8ddf9fced51426b/SSDeepthiKatta-Python-99262e1/LAB3/SourceCode/LAB3/venv/Lib/site-packages/matplotlib/testing/compare.py,python,494,2098,1
118961249,projects/0/118961249-99262e1f53617d2ea1d64fe2e8ddf9fced51426b/SSDeepthiKatta-Python-99262e1/LAB3/SourceCode/LAB3/venv/Lib/site-packages/matplotlib/backend_managers.py,python,436,1379,3
118961249,projects/0/118961249-99262e1f53617d2ea1d64fe2e8ddf9fced51426b/SSDeepthiKatta-Python-99262e1/LAB3/SourceCode/LAB3/venv/Lib/site-packages/setuptools/depends.py,python,186,701,2
118961249,projects/0/118961249-99262e1f53617d2ea1d64fe2e8ddf9fced51426b/SSDeepthiKatta-Python-99262e1/LAB3/SourceCode/LAB3/venv/Lib/site-packages/setuptools/sandbox.py,python,491,1550,3
118961249,projects/0/118961249-99262e1f53617d2ea1d64fe2e8ddf9fced51426b/SSDeepthiKatta-Python-99262e1/LAB3/SourceCode/LAB3/venv/Lib/site-packages/setuptools/command/build_ext.py,python,331,1296,1
118961249,projects/0/118961249-99262e1f53617d2ea1d64fe2e8ddf9fced51426b/SSDeepthiKatta-Python-99262e1/LAB3/SourceCode/LAB3/venv/Lib/site-packages/numpy/__config__.py,python,36,193,2
118961249,projects/0/118961249-99262e1f53617d2ea1d64fe2e8ddf9fced51426b/SSDeepthiKatta-Python-99262e1/LAB3/SourceCode/LAB3/venv/Lib/site-packages/numpy/tests/test_reloading.py,python,34,101,1
118961249,projects/0/118961249-99262e1f53617d2ea1d64fe2e8ddf9fced51426b/SSDeepthiKatta-Python-99262e1/LAB3/SourceCode/LAB3/venv/Lib/site-packages/numpy/_globals.py,python,62,257,1
118961249,projects/0/118961249-99262e1f53617d2ea1d64fe2e8ddf9fced51426b/SSDeepthiKatta-Python-99262e1/LAB3/SourceCode/LAB3/venv/Lib/site-packages/numpy/lib/function_base.py,python,5166,22747,1
118961249,projects/0/118961249-99262e1f53617d2ea1d64fe2e8ddf9fced51426b/SSDeepthiKatta-Python-99262e1/LAB3/SourceCode/LAB3/venv/Lib/site-packages/numpy/lib/utils.py,python,1162,3990,4
118961249,projects/0/118961249-99262e1f53617d2ea1d64fe2e8ddf9fced51426b/SSDeepthiKatta-Python-99262e1/LAB3/SourceCode/LAB3/venv/Lib/site-packages/numpy/core/tests/test_multiarray.py,python,7376,35049,1
118961249,projects/0/118961249-99262e1f53617d2ea1d64fe2e8ddf9fced51426b/SSDeepthiKatta-Python-99262e1/LAB3/SourceCode/LAB3/venv/Lib/site-packages/numpy/core/tests/test_api.py,python,517,2683,1
118961249,projects/0/118961249-99262e1f53617d2ea1d64fe2e8ddf9fced51426b/SSDeepthiKatta-Python-99262e1/LAB3/SourceCode/LAB3/venv/Lib/site-packages/numpy/core/numerictypes.py,python,1034,3138,1
118961249,projects/0/118961249-99262e1f53617d2ea1d64fe2e8ddf9fced51426b/SSDeepthiKatta-Python-99262e1/LAB3/SourceCode/LAB3/venv/Lib/site-packages/numpy/distutils/__config__.py,python,36,193,2
118961249,projects/0/118961249-99262e1f53617d2ea1d64fe2e8ddf9fced51426b/SSDeepthiKatta-Python-99262e1/LAB3/SourceCode/LAB3/venv/Lib/site-packages/numpy/distutils/misc_util.py,python,2325,8757,2
118961249,projects/0/118961249-99262e1f53617d2ea1d64fe2e8ddf9fced51426b/SSDeepthiKatta-Python-99262e1/LAB3/SourceCode/LAB3/venv/Lib/site-packages/numpy/distutils/ccompiler.py,python,826,3071,1
118961249,projects/0/118961249-99262e1f53617d2ea1d64fe2e8ddf9fced51426b/SSDeepthiKatta-Python-99262e1/LAB3/SourceCode/LAB3/venv/Lib/site-packages/numpy/distutils/system_info.py,python,2540,8739,1
118961249,projects/0/118961249-99262e1f53617d2ea1d64fe2e8ddf9fced51426b/SSDeepthiKatta-Python-99262e1/LAB3/SourceCode/LAB3/venv/Lib/site-packages/numpy/distutils/command/__init__.py,python,43,80,1
118961249,projects/0/118961249-99262e1f53617d2ea1d64fe2e8ddf9fced51426b/SSDeepthiKatta-Python-99262e1/LAB3/SourceCode/LAB3/venv/Lib/site-packages/pkg_resources/__init__.py,python,3184,11551,7
118961249,projects/0/118961249-99262e1f53617d2ea1d64fe2e8ddf9fced51426b/SSDeepthiKatta-Python-99262e1/LAB3/SourceCode/LAB3/venv/Lib/site-packages/pkg_resources/_vendor/six.py,python,868,2987,1
118961249,projects/0/118961249-99262e1f53617d2ea1d64fe2e8ddf9fced51426b/SSDeepthiKatta-Python-99262e1/LAB3/SourceCode/LAB3/venv/Lib/site-packages/pip/baseparser.py,python,293,1093,1
118961249,projects/0/118961249-99262e1f53617d2ea1d64fe2e8ddf9fced51426b/SSDeepthiKatta-Python-99262e1/LAB3/SourceCode/LAB3/venv/Lib/site-packages/pip/_vendor/distlib/_backport/sysconfig.py,python,788,2944,7
118961249,projects/0/118961249-99262e1f53617d2ea1d64fe2e8ddf9fced51426b/SSDeepthiKatta-Python-99262e1/LAB3/SourceCode/LAB3/venv/Lib/site-packages/pip/_vendor/__init__.py,python,107,585,2
118961249,projects/0/118961249-99262e1f53617d2ea1d64fe2e8ddf9fced51426b/SSDeepthiKatta-Python-99262e1/LAB3/SourceCode/LAB3/venv/Lib/site-packages/pip/_vendor/requests/packages/urllib3/packages/six.py,python,868,2987,1
118961249,projects/0/118961249-99262e1f53617d2ea1d64fe2e8ddf9fced51426b/SSDeepthiKatta-Python-99262e1/LAB3/SourceCode/LAB3/venv/Lib/site-packages/pip/_vendor/pkg_resources/__init__.py,python,3052,11230,7
118961249,projects/0/118961249-99262e1f53617d2ea1d64fe2e8ddf9fced51426b/SSDeepthiKatta-Python-99262e1/LAB3/SourceCode/LAB3/venv/Lib/site-packages/pip/_vendor/six.py,python,868,2987,1
118961249,projects/0/118961249-99262e1f53617d2ea1d64fe2e8ddf9fced51426b/SSDeepthiKatta-Python-99262e1/LAB3/SourceCode/LAB3/venv/Lib/site-packages/six.py,python,891,3049,1
118961249,projects/0/118961249-99262e1f53617d2ea1d64fe2e8ddf9fced51426b/SSDeepthiKatta-Python-99262e1/LAB3/SourceCode/LAB3/venv/Lib/token.py,python,143,431,1
118961249,projects/0/118961249-99262e1f53617d2ea1d64fe2e8ddf9fced51426b/SSDeepthiKatta-Python-99262e1/LAB3/SourceCode/LAB3/venv/Lib/warnings.py,python,526,2063,7
118961249,projects/0/118961249-99262e1f53617d2ea1d64fe2e8ddf9fced51426b/SSDeepthiKatta-Python-99262e1/LAB3/SourceCode/LAB3/venv/Lib/hashlib.py,python,251,1067,1
118961249,projects/0/118961249-99262e1f53617d2ea1d64fe2e8ddf9fced51426b/SSDeepthiKatta-Python-99262e1/LAB3/SourceCode/LAB3/venv/Lib/sre_constants.py,python,233,695,1
118961249,projects/0/118961249-99262e1f53617d2ea1d64fe2e8ddf9fced51426b/SSDeepthiKatta-Python-99262e1/LAB3/SourceCode/LAB3/venv/Lib/os.py,python,1069,4637,2
118961249,projects/0/118961249-99262e1f53617d2ea1d64fe2e8ddf9fced51426b/SSDeepthiKatta-Python-99262e1/LAB3/SourceCode/LAB3/venv/Lib/locale.py,python,1684,6814,3
118961249,projects/0/118961249-99262e1f53617d2ea1d64fe2e8ddf9fced51426b/SSDeepthiKatta-Python-99262e1/LAB3/SourceCode/LAB3/venv/Lib/re.py,python,381,2012,1
118961249,projects/0/118961249-99262e1f53617d2ea1d64fe2e8ddf9fced51426b/SSDeepthiKatta-Python-99262e1/LAB3/SourceCode/LAB3/venv/Lib/rlcompleter.py,python,205,812,2
118961249,projects/0/118961249-99262e1f53617d2ea1d64fe2e8ddf9fced51426b/SSDeepthiKatta-Python-99262e1/LAB1/SourceCode/LAB1/venv/Lib/types.py,python,266,1052,1
118961249,projects/0/118961249-99262e1f53617d2ea1d64fe2e8ddf9fced51426b/SSDeepthiKatta-Python-99262e1/LAB1/SourceCode/LAB1/venv/Lib/importlib/_bootstrap.py,python,1161,4251,9
118961249,projects/0/118961249-99262e1f53617d2ea1d64fe2e8ddf9fced51426b/SSDeepthiKatta-Python-99262e1/LAB1/SourceCode/LAB1/venv/Lib/site-packages/setuptools/depends.py,python,186,701,2
118961249,projects/0/118961249-99262e1f53617d2ea1d64fe2e8ddf9fced51426b/SSDeepthiKatta-Python-99262e1/LAB1/SourceCode/LAB1/venv/Lib/site-packages/setuptools/sandbox.py,python,491,1550,3
118961249,projects/0/118961249-99262e1f53617d2ea1d64fe2e8ddf9fced51426b/SSDeepthiKatta-Python-99262e1/LAB1/SourceCode/LAB1/venv/Lib/site-packages/setuptools/command/build_ext.py,python,328,1281,1
118961249,projects/0/118961249-99262e1f53617d2ea1d64fe2e8ddf9fced51426b/SSDeepthiKatta-Python-99262e1/LAB1/SourceCode/LAB1/venv/Lib/site-packages/pkg_resources/__init__.py,python,3184,11551,7
118961249,projects/0/118961249-99262e1f53617d2ea1d64fe2e8ddf9fced51426b/SSDeepthiKatta-Python-99262e1/LAB1/SourceCode/LAB1/venv/Lib/site-packages/pkg_resources/_vendor/six.py,python,868,2987,1
118961249,projects/0/118961249-99262e1f53617d2ea1d64fe2e8ddf9fced51426b/SSDeepthiKatta-Python-99262e1/LAB1/SourceCode/LAB1/venv/Lib/site-packages/pip/baseparser.py,python,293,1093,1
118961249,projects/0/118961249-99262e1f53617d2ea1d64fe2e8ddf9fced51426b/SSDeepthiKatta-Python-99262e1/LAB1/SourceCode/LAB1/venv/Lib/site-packages/pip/_vendor/distlib/_backport/sysconfig.py,python,788,2944,7
118961249,projects/0/118961249-99262e1f53617d2ea1d64fe2e8ddf9fced51426b/SSDeepthiKatta-Python-99262e1/LAB1/SourceCode/LAB1/venv/Lib/site-packages/pip/_vendor/__init__.py,python,107,585,2
118961249,projects/0/118961249-99262e1f53617d2ea1d64fe2e8ddf9fced51426b/SSDeepthiKatta-Python-99262e1/LAB1/SourceCode/LAB1/venv/Lib/site-packages/pip/_vendor/requests/packages/urllib3/packages/six.py,python,868,2987,1
118961249,projects/0/118961249-99262e1f53617d2ea1d64fe2e8ddf9fced51426b/SSDeepthiKatta-Python-99262e1/LAB1/SourceCode/LAB1/venv/Lib/site-packages/pip/_vendor/pkg_resources/__init__.py,python,3052,11230,7
118961249,projects/0/118961249-99262e1f53617d2ea1d64fe2e8ddf9fced51426b/SSDeepthiKatta-Python-99262e1/LAB1/SourceCode/LAB1/venv/Lib/site-packages/pip/_vendor/six.py,python,868,2987,1
118961249,projects/0/118961249-99262e1f53617d2ea1d64fe2e8ddf9fced51426b/SSDeepthiKatta-Python-99262e1/LAB1/SourceCode/LAB1/venv/Lib/token.py,python,143,431,1
118961249,projects/0/118961249-99262e1f53617d2ea1d64fe2e8ddf9fced51426b/SSDeepthiKatta-Python-99262e1/LAB1/SourceCode/LAB1/venv/Lib/warnings.py,python,526,2063,7
118961249,projects/0/118961249-99262e1f53617d2ea1d64fe2e8ddf9fced51426b/SSDeepthiKatta-Python-99262e1/LAB1/SourceCode/LAB1/venv/Lib/hashlib.py,python,251,1067,1
118961249,projects/0/118961249-99262e1f53617d2ea1d64fe2e8ddf9fced51426b/SSDeepthiKatta-Python-99262e1/LAB1/SourceCode/LAB1/venv/Lib/sre_constants.py,python,233,695,1
118961249,projects/0/118961249-99262e1f53617d2ea1d64fe2e8ddf9fced51426b/SSDeepthiKatta-Python-99262e1/LAB1/SourceCode/LAB1/venv/Lib/os.py,python,1069,4637,2
118961249,projects/0/118961249-99262e1f53617d2ea1d64fe2e8ddf9fced51426b/SSDeepthiKatta-Python-99262e1/LAB1/SourceCode/LAB1/venv/Lib/locale.py,python,1684,6814,3
118961249,projects/0/118961249-99262e1f53617d2ea1d64fe2e8ddf9fced51426b/SSDeepthiKatta-Python-99262e1/LAB1/SourceCode/LAB1/venv/Lib/re.py,python,381,2012,1
118961249,projects/0/118961249-99262e1f53617d2ea1d64fe2e8ddf9fced51426b/SSDeepthiKatta-Python-99262e1/LAB1/SourceCode/LAB1/venv/Lib/rlcompleter.py,python,205,812,2
41652700,projects/0/41652700-b50b7d8738cba5e2a4865b381185f646a96c872c/imharrywu-v8-b50b7d8/build/gyp/pylib/gyp/generator/msvs.py,python,3440,12693,1
41652700,projects/0/41652700-b50b7d8738cba5e2a4865b381185f646a96c872c/imharrywu-v8-b50b7d8/build/gyp/pylib/gyp/MSVSProject.py,python,208,746,1
41652700,projects/0/41652700-b50b7d8738cba5e2a4865b381185f646a96c872c/imharrywu-v8-b50b7d8/build/gyp/pylib/gyp/__init__.py,python,548,2561,1
41652700,projects/0/41652700-b50b7d8738cba5e2a4865b381185f646a96c872c/imharrywu-v8-b50b7d8/build/gyp/pylib/gyp/easy_xml_test.py,python,103,294,2
41652700,projects/0/41652700-b50b7d8738cba5e2a4865b381185f646a96c872c/imharrywu-v8-b50b7d8/build/gyp/pylib/gyp/input.py,python,2884,13224,5
41652700,projects/0/41652700-b50b7d8738cba5e2a4865b381185f646a96c872c/imharrywu-v8-b50b7d8/third_party/gyp-master/pylib/gyp/generator/msvs.py,python,3453,12727,1
41652700,projects/0/41652700-b50b7d8738cba5e2a4865b381185f646a96c872c/imharrywu-v8-b50b7d8/third_party/gyp-master/pylib/gyp/MSVSProject.py,python,208,746,1
41652700,projects/0/41652700-b50b7d8738cba5e2a4865b381185f646a96c872c/imharrywu-v8-b50b7d8/third_party/gyp-master/pylib/gyp/__init__.py,python,548,2561,1
41652700,projects/0/41652700-b50b7d8738cba5e2a4865b381185f646a96c872c/imharrywu-v8-b50b7d8/third_party/gyp-master/pylib/gyp/easy_xml_test.py,python,103,294,2
41652700,projects/0/41652700-b50b7d8738cba5e2a4865b381185f646a96c872c/imharrywu-v8-b50b7d8/third_party/gyp-master/pylib/gyp/input.py,python,2884,13224,5
41652700,projects/0/41652700-b50b7d8738cba5e2a4865b381185f646a96c872c/imharrywu-v8-b50b7d8/third_party/python/Lib/imaplib.py,python,1536,5357,1
41652700,projects/0/41652700-b50b7d8738cba5e2a4865b381185f646a96c872c/imharrywu-v8-b50b7d8/third_party/python/Lib/types.py,python,86,268,1
41652700,projects/0/41652700-b50b7d8738cba5e2a4865b381185f646a96c872c/imharrywu-v8-b50b7d8/third_party/python/Lib/logging/__init__.py,python,1742,7195,2
41652700,projects/0/41652700-b50b7d8738cba5e2a4865b381185f646a96c872c/imharrywu-v8-b50b7d8/third_party/python/Lib/smtpd.py,python,555,2106,2
41652700,projects/0/41652700-b50b7d8738cba5e2a4865b381185f646a96c872c/imharrywu-v8-b50b7d8/third_party/python/Lib/sqlite3/test/userfunctions.py,python,473,1681,1
41652700,projects/0/41652700-b50b7d8738cba5e2a4865b381185f646a96c872c/imharrywu-v8-b50b7d8/third_party/python/Lib/platform.py,python,1655,6123,2
41652700,projects/0/41652700-b50b7d8738cba5e2a4865b381185f646a96c872c/imharrywu-v8-b50b7d8/third_party/python/Lib/urllib.py,python,1637,6386,1
41652700,projects/0/41652700-b50b7d8738cba5e2a4865b381185f646a96c872c/imharrywu-v8-b50b7d8/third_party/python/Lib/idlelib/Debugger.py,python,480,1709,2
41652700,projects/0/41652700-b50b7d8738cba5e2a4865b381185f646a96c872c/imharrywu-v8-b50b7d8/third_party/python/Lib/idlelib/run.py,python,375,1306,1
41652700,projects/0/41652700-b50b7d8738cba5e2a4865b381185f646a96c872c/imharrywu-v8-b50b7d8/third_party/python/Lib/idlelib/idle_test/htest.py,python,406,1711,2
41652700,projects/0/41652700-b50b7d8738cba5e2a4865b381185f646a96c872c/imharrywu-v8-b50b7d8/third_party/python/Lib/idlelib/StackViewer.py,python,152,482,1
41652700,projects/0/41652700-b50b7d8738cba5e2a4865b381185f646a96c872c/imharrywu-v8-b50b7d8/third_party/python/Lib/idlelib/EditorWindow.py,python,1730,6919,1
41652700,projects/0/41652700-b50b7d8738cba5e2a4865b381185f646a96c872c/imharrywu-v8-b50b7d8/third_party/python/Lib/ssl.py,python,1015,3901,2
41652700,projects/0/41652700-b50b7d8738cba5e2a4865b381185f646a96c872c/imharrywu-v8-b50b7d8/third_party/python/Lib/timeit.py,python,342,1678,2
41652700,projects/0/41652700-b50b7d8738cba5e2a4865b381185f646a96c872c/imharrywu-v8-b50b7d8/third_party/python/Lib/dumbdbm.py,python,249,1221,2
41652700,projects/0/41652700-b50b7d8738cba5e2a4865b381185f646a96c872c/imharrywu-v8-b50b7d8/third_party/python/Lib/runpy.py,python,278,1228,1
41652700,projects/0/41652700-b50b7d8738cba5e2a4865b381185f646a96c872c/imharrywu-v8-b50b7d8/third_party/python/Lib/site-packages/setuptools/msvc9_support.py,python,63,227,1
41652700,projects/0/41652700-b50b7d8738cba5e2a4865b381185f646a96c872c/imharrywu-v8-b50b7d8/third_party/python/Lib/site-packages/setuptools/depends.py,python,215,769,2
41652700,projects/0/41652700-b50b7d8738cba5e2a4865b381185f646a96c872c/imharrywu-v8-b50b7d8/third_party/python/Lib/site-packages/setuptools/sandbox.py,python,489,1554,3
41652700,projects/0/41652700-b50b7d8738cba5e2a4865b381185f646a96c872c/imharrywu-v8-b50b7d8/third_party/python/Lib/site-packages/setuptools/command/build_ext.py,python,305,1216,1
41652700,projects/0/41652700-b50b7d8738cba5e2a4865b381185f646a96c872c/imharrywu-v8-b50b7d8/third_party/python/Lib/site-packages/setuptools/command/egg_info.py,python,480,1909,1
41652700,projects/0/41652700-b50b7d8738cba5e2a4865b381185f646a96c872c/imharrywu-v8-b50b7d8/third_party/python/Lib/site-packages/pkg_resources/__init__.py,python,3103,11527,8
41652700,projects/0/41652700-b50b7d8738cba5e2a4865b381185f646a96c872c/imharrywu-v8-b50b7d8/third_party/python/Lib/site-packages/pip/_vendor/distlib/_backport/sysconfig.py,python,788,2946,7
41652700,projects/0/41652700-b50b7d8738cba5e2a4865b381185f646a96c872c/imharrywu-v8-b50b7d8/third_party/python/Lib/site-packages/pip/_vendor/pkg_resources/__init__.py,python,3066,11423,6
41652700,projects/0/41652700-b50b7d8738cba5e2a4865b381185f646a96c872c/imharrywu-v8-b50b7d8/third_party/python/Lib/site-packages/pip/_vendor/six.py,python,838,2954,1
41652700,projects/0/41652700-b50b7d8738cba5e2a4865b381185f646a96c872c/imharrywu-v8-b50b7d8/third_party/python/Lib/site-packages/pip/_vendor/_markerlib/__init__.py,python,16,60,1
41652700,projects/0/41652700-b50b7d8738cba5e2a4865b381185f646a96c872c/imharrywu-v8-b50b7d8/third_party/python/Lib/site-packages/pip/_vendor/_markerlib/markers.py,python,119,437,1
41652700,projects/0/41652700-b50b7d8738cba5e2a4865b381185f646a96c872c/imharrywu-v8-b50b7d8/third_party/python/Lib/site-packages/_markerlib/__init__.py,python,16,58,1
41652700,projects/0/41652700-b50b7d8738cba5e2a4865b381185f646a96c872c/imharrywu-v8-b50b7d8/third_party/python/Lib/site-packages/_markerlib/markers.py,python,119,437,1
41652700,projects/0/41652700-b50b7d8738cba5e2a4865b381185f646a96c872c/imharrywu-v8-b50b7d8/third_party/python/Lib/token.py,python,140,413,1
41652700,projects/0/41652700-b50b7d8738cba5e2a4865b381185f646a96c872c/imharrywu-v8-b50b7d8/third_party/python/Lib/ctypes/__init__.py,python,555,1877,2
41652700,projects/0/41652700-b50b7d8738cba5e2a4865b381185f646a96c872c/imharrywu-v8-b50b7d8/third_party/python/Lib/ctypes/test/__init__.py,python,216,806,1
41652700,projects/0/41652700-b50b7d8738cba5e2a4865b381185f646a96c872c/imharrywu-v8-b50b7d8/third_party/python/Lib/ctypes/test/test_pickling.py,python,81,235,1
41652700,projects/0/41652700-b50b7d8738cba5e2a4865b381185f646a96c872c/imharrywu-v8-b50b7d8/third_party/python/Lib/warnings.py,python,422,1679,7
41652700,projects/0/41652700-b50b7d8738cba5e2a4865b381185f646a96c872c/imharrywu-v8-b50b7d8/third_party/python/Lib/pdb.py,python,1338,5367,12
41652700,projects/0/41652700-b50b7d8738cba5e2a4865b381185f646a96c872c/imharrywu-v8-b50b7d8/third_party/python/Lib/json/encoder.py,python,448,1641,1
41652700,projects/0/41652700-b50b7d8738cba5e2a4865b381185f646a96c872c/imharrywu-v8-b50b7d8/third_party/python/Lib/doctest.py,python,2817,12094,22
41652700,projects/0/41652700-b50b7d8738cba5e2a4865b381185f646a96c872c/imharrywu-v8-b50b7d8/third_party/python/Lib/pydoc_data/topics.py,python,80,63286,21
41652700,projects/0/41652700-b50b7d8738cba5e2a4865b381185f646a96c872c/imharrywu-v8-b50b7d8/third_party/python/Lib/bsddb/test/test_all.py,python,620,2132,1
41652700,projects/0/41652700-b50b7d8738cba5e2a4865b381185f646a96c872c/imharrywu-v8-b50b7d8/third_party/python/Lib/hashlib.py,python,221,897,1
41652700,projects/0/41652700-b50b7d8738cba5e2a4865b381185f646a96c872c/imharrywu-v8-b50b7d8/third_party/python/Lib/trace.py,python,819,3319,4
41652700,projects/0/41652700-b50b7d8738cba5e2a4865b381185f646a96c872c/imharrywu-v8-b50b7d8/third_party/python/Lib/bdb.py,python,645,2541,12
41652700,projects/0/41652700-b50b7d8738cba5e2a4865b381185f646a96c872c/imharrywu-v8-b50b7d8/third_party/python/Lib/xml/sax/__init__.py,python,108,409,1
41652700,projects/0/41652700-b50b7d8738cba5e2a4865b381185f646a96c872c/imharrywu-v8-b50b7d8/third_party/python/Lib/test/test_funcattrs.py,python,353,1442,1
41652700,projects/0/41652700-b50b7d8738cba5e2a4865b381185f646a96c872c/imharrywu-v8-b50b7d8/third_party/python/Lib/test/test_py3kwarn.py,python,431,1772,1
41652700,projects/0/41652700-b50b7d8738cba5e2a4865b381185f646a96c872c/imharrywu-v8-b50b7d8/third_party/python/Lib/test/test_doctest.py,python,2756,9647,12
41652700,projects/0/41652700-b50b7d8738cba5e2a4865b381185f646a96c872c/imharrywu-v8-b50b7d8/third_party/python/Lib/test/test_decimal.py,python,2363,9496,3
41652700,projects/0/41652700-b50b7d8738cba5e2a4865b381185f646a96c872c/imharrywu-v8-b50b7d8/third_party/python/Lib/test/test_import.py,python,650,2610,1
41652700,projects/0/41652700-b50b7d8738cba5e2a4865b381185f646a96c872c/imharrywu-v8-b50b7d8/third_party/python/Lib/test/test_compile.py,python,601,2439,3
41652700,projects/0/41652700-b50b7d8738cba5e2a4865b381185f646a96c872c/imharrywu-v8-b50b7d8/third_party/python/Lib/test/test_multiprocessing.py,python,2679,8838,4
41652700,projects/0/41652700-b50b7d8738cba5e2a4865b381185f646a96c872c/imharrywu-v8-b50b7d8/third_party/python/Lib/test/test_pkg.py,python,292,1015,1
41652700,projects/0/41652700-b50b7d8738cba5e2a4865b381185f646a96c872c/imharrywu-v8-b50b7d8/third_party/python/Lib/test/test_zipimport.py,python,472,1732,1
41652700,projects/0/41652700-b50b7d8738cba5e2a4865b381185f646a96c872c/imharrywu-v8-b50b7d8/third_party/python/Lib/test/test_runpy.py,python,405,1618,2
41652700,projects/0/41652700-b50b7d8738cba5e2a4865b381185f646a96c872c/imharrywu-v8-b50b7d8/third_party/python/Lib/test/test_descrtut.py,python,497,1555,1
41652700,projects/0/41652700-b50b7d8738cba5e2a4865b381185f646a96c872c/imharrywu-v8-b50b7d8/third_party/python/Lib/test/test_itertools.py,python,1709,8681,1
41652700,projects/0/41652700-b50b7d8738cba5e2a4865b381185f646a96c872c/imharrywu-v8-b50b7d8/third_party/python/Lib/test/test_decorators.py,python,309,1027,2
41652700,projects/0/41652700-b50b7d8738cba5e2a4865b381185f646a96c872c/imharrywu-v8-b50b7d8/third_party/python/Lib/test/regrtest.py,python,1585,5812,3
41652700,projects/0/41652700-b50b7d8738cba5e2a4865b381185f646a96c872c/imharrywu-v8-b50b7d8/third_party/python/Lib/test/test_compiler.py,python,317,1246,1
41652700,projects/0/41652700-b50b7d8738cba5e2a4865b381185f646a96c872c/imharrywu-v8-b50b7d8/third_party/python/Lib/test/test_builtin.py,python,1715,7196,25
41652700,projects/0/41652700-b50b7d8738cba5e2a4865b381185f646a96c872c/imharrywu-v8-b50b7d8/third_party/python/Lib/test/test_warnings.py,python,845,3297,3
41652700,projects/0/41652700-b50b7d8738cba5e2a4865b381185f646a96c872c/imharrywu-v8-b50b7d8/third_party/python/Lib/test/test_scope.py,python,664,1741,2
41652700,projects/0/41652700-b50b7d8738cba5e2a4865b381185f646a96c872c/imharrywu-v8-b50b7d8/third_party/python/Lib/test/test_profile.py,python,186,951,2
41652700,projects/0/41652700-b50b7d8738cba5e2a4865b381185f646a96c872c/imharrywu-v8-b50b7d8/third_party/python/Lib/test/crashers/decref_before_assignment.py,python,44,137,1
41652700,projects/0/41652700-b50b7d8738cba5e2a4865b381185f646a96c872c/imharrywu-v8-b50b7d8/third_party/python/Lib/test/test_trace.py,python,341,1155,1
41652700,projects/0/41652700-b50b7d8738cba5e2a4865b381185f646a96c872c/imharrywu-v8-b50b7d8/third_party/python/Lib/test/test_io.py,python,3255,13459,1
41652700,projects/0/41652700-b50b7d8738cba5e2a4865b381185f646a96c872c/imharrywu-v8-b50b7d8/third_party/python/Lib/test/test_cmd_line_script.py,python,229,850,1
41652700,projects/0/41652700-b50b7d8738cba5e2a4865b381185f646a96c872c/imharrywu-v8-b50b7d8/third_party/python/Lib/test/test_file_eintr.py,python,239,1119,1
41652700,projects/0/41652700-b50b7d8738cba5e2a4865b381185f646a96c872c/imharrywu-v8-b50b7d8/third_party/python/Lib/test/test_code.py,python,148,402,1
41652700,projects/0/41652700-b50b7d8738cba5e2a4865b381185f646a96c872c/imharrywu-v8-b50b7d8/third_party/python/Lib/test/test_pyclbr.py,python,202,795,1
41652700,projects/0/41652700-b50b7d8738cba5e2a4865b381185f646a96c872c/imharrywu-v8-b50b7d8/third_party/python/Lib/test/test_tools.py,python,368,893,1
41652700,projects/0/41652700-b50b7d8738cba5e2a4865b381185f646a96c872c/imharrywu-v8-b50b7d8/third_party/python/Lib/test/test_importhooks.py,python,255,786,1
41652700,projects/0/41652700-b50b7d8738cba5e2a4865b381185f646a96c872c/imharrywu-v8-b50b7d8/third_party/python/Lib/test/inspect_fodder2.py,python,99,181,1
41652700,projects/0/41652700-b50b7d8738cba5e2a4865b381185f646a96c872c/imharrywu-v8-b50b7d8/third_party/python/Lib/test/test_threading.py,python,933,3599,1
41652700,projects/0/41652700-b50b7d8738cba5e2a4865b381185f646a96c872c/imharrywu-v8-b50b7d8/third_party/python/Lib/imputil.py,python,725,3132,10
41652700,projects/0/41652700-b50b7d8738cba5e2a4865b381185f646a96c872c/imharrywu-v8-b50b7d8/third_party/python/Lib/multiprocessing/util.py,python,350,1224,2
41652700,projects/0/41652700-b50b7d8738cba5e2a4865b381185f646a96c872c/imharrywu-v8-b50b7d8/third_party/python/Lib/hotshot/__init__.py,python,78,342,4
41652700,projects/0/41652700-b50b7d8738cba5e2a4865b381185f646a96c872c/imharrywu-v8-b50b7d8/third_party/python/Lib/cProfile.py,python,199,720,5
41652700,projects/0/41652700-b50b7d8738cba5e2a4865b381185f646a96c872c/imharrywu-v8-b50b7d8/third_party/python/Lib/os.py,python,742,3352,2
41652700,projects/0/41652700-b50b7d8738cba5e2a4865b381185f646a96c872c/imharrywu-v8-b50b7d8/third_party/python/Lib/socket.py,python,577,2311,1
41652700,projects/0/41652700-b50b7d8738cba5e2a4865b381185f646a96c872c/imharrywu-v8-b50b7d8/third_party/python/Lib/_pyio.py,python,2032,8271,1
41652700,projects/0/41652700-b50b7d8738cba5e2a4865b381185f646a96c872c/imharrywu-v8-b50b7d8/third_party/python/Lib/locale.py,python,2062,8797,1
41652700,projects/0/41652700-b50b7d8738cba5e2a4865b381185f646a96c872c/imharrywu-v8-b50b7d8/third_party/python/Lib/ConfigParser.py,python,753,2966,1
41652700,projects/0/41652700-b50b7d8738cba5e2a4865b381185f646a96c872c/imharrywu-v8-b50b7d8/third_party/python/Lib/rexec.py,python,588,2456,3
41652700,projects/0/41652700-b50b7d8738cba5e2a4865b381185f646a96c872c/imharrywu-v8-b50b7d8/third_party/python/Lib/symbol.py,python,114,268,1
41652700,projects/0/41652700-b50b7d8738cba5e2a4865b381185f646a96c872c/imharrywu-v8-b50b7d8/third_party/python/Lib/lib-tk/turtle.py,python,4033,16033,2
41652700,projects/0/41652700-b50b7d8738cba5e2a4865b381185f646a96c872c/imharrywu-v8-b50b7d8/third_party/python/Lib/compiler/symbols.py,python,462,1754,10
41652700,projects/0/41652700-b50b7d8738cba5e2a4865b381185f646a96c872c/imharrywu-v8-b50b7d8/third_party/python/Lib/compiler/ast.py,python,1419,4362,8
41652700,projects/0/41652700-b50b7d8738cba5e2a4865b381185f646a96c872c/imharrywu-v8-b50b7d8/third_party/python/Lib/compiler/pycodegen.py,python,1555,5155,5
41652700,projects/0/41652700-b50b7d8738cba5e2a4865b381185f646a96c872c/imharrywu-v8-b50b7d8/third_party/python/Lib/profile.py,python,610,2852,6
41652700,projects/0/41652700-b50b7d8738cba5e2a4865b381185f646a96c872c/imharrywu-v8-b50b7d8/third_party/python/Lib/ihooks.py,python,554,2168,10
41652700,projects/0/41652700-b50b7d8738cba5e2a4865b381185f646a96c872c/imharrywu-v8-b50b7d8/third_party/python/Lib/lib2to3/tests/__init__.py,python,24,95,2
41652700,projects/0/41652700-b50b7d8738cba5e2a4865b381185f646a96c872c/imharrywu-v8-b50b7d8/third_party/python/Lib/lib2to3/tests/test_fixers.py,python,4628,14068,7
41652700,projects/0/41652700-b50b7d8738cba5e2a4865b381185f646a96c872c/imharrywu-v8-b50b7d8/third_party/python/Lib/lib2to3/fixes/fix_execfile.py,python,52,225,5
41652700,projects/0/41652700-b50b7d8738cba5e2a4865b381185f646a96c872c/imharrywu-v8-b50b7d8/third_party/python/Lib/lib2to3/pgen2/token.py,python,83,181,1
41652700,projects/0/41652700-b50b7d8738cba5e2a4865b381185f646a96c872c/imharrywu-v8-b50b7d8/third_party/python/Lib/distutils/tests/setuptools_build_ext.py,python,287,1137,1
41652700,projects/0/41652700-b50b7d8738cba5e2a4865b381185f646a96c872c/imharrywu-v8-b50b7d8/third_party/python/Lib/distutils/sysconfig.py,python,483,2018,1
41652700,projects/0/41652700-b50b7d8738cba5e2a4865b381185f646a96c872c/imharrywu-v8-b50b7d8/third_party/python/Lib/distutils/msvc9compiler.py,python,801,3222,1
41652700,projects/0/41652700-b50b7d8738cba5e2a4865b381185f646a96c872c/imharrywu-v8-b50b7d8/third_party/python/Lib/rlcompleter.py,python,166,727,1
41652700,projects/0/41652700-b50b7d8738cba5e2a4865b381185f646a96c872c/imharrywu-v8-b50b7d8/third_party/python/Lib/pickle.py,python,1391,5374,1
41652700,projects/0/41652700-b50b7d8738cba5e2a4865b381185f646a96c872c/imharrywu-v8-b50b7d8/third_party/python/Tools/pynche/Main.py,python,229,854,2
41652700,projects/0/41652700-b50b7d8738cba5e2a4865b381185f646a96c872c/imharrywu-v8-b50b7d8/third_party/python/Tools/webchecker/webchecker.py,python,892,3617,1
41652700,projects/0/41652700-b50b7d8738cba5e2a4865b381185f646a96c872c/imharrywu-v8-b50b7d8/third_party/python/Tools/Scripts/fixnotice.py,python,113,392,1
41652700,projects/0/41652700-b50b7d8738cba5e2a4865b381185f646a96c872c/imharrywu-v8-b50b7d8/third_party/python/Tools/Scripts/find_recursionlimit.py,python,117,443,1
41652700,projects/0/41652700-b50b7d8738cba5e2a4865b381185f646a96c872c/imharrywu-v8-b50b7d8/third_party/python/Tools/Scripts/db2pickle.py,python,135,431,1
41652700,projects/0/41652700-b50b7d8738cba5e2a4865b381185f646a96c872c/imharrywu-v8-b50b7d8/third_party/python/Tools/Scripts/pickle2db.py,python,147,489,1
41652700,projects/0/41652700-b50b7d8738cba5e2a4865b381185f646a96c872c/imharrywu-v8-b50b7d8/third_party/python/Tools/i18n/pygettext.py,python,668,2670,2
557723563,projects/0/557723563-1fdc54433fb6188e570b0247e17c746597ecab89/python-hacked-bluetickhrm-1fdc544/venv/Lib/site-packages/PIL/ImageMath.py,python,263,946,1
557723563,projects/0/557723563-1fdc54433fb6188e570b0247e17c746597ecab89/python-hacked-bluetickhrm-1fdc544/venv/Lib/site-packages/PIL/Image.py,python,3910,16102,1
557723563,projects/0/557723563-1fdc54433fb6188e570b0247e17c746597ecab89/python-hacked-bluetickhrm-1fdc544/venv/Lib/site-packages/botocore/vendored/six.py,python,998,3441,1
557723563,projects/0/557723563-1fdc54433fb6188e570b0247e17c746597ecab89/python-hacked-bluetickhrm-1fdc544/venv/Lib/site-packages/jinja2/loaders.py,python,661,2667,12
557723563,projects/0/557723563-1fdc54433fb6188e570b0247e17c746597ecab89/python-hacked-bluetickhrm-1fdc544/venv/Lib/site-packages/jinja2/debug.py,python,191,744,2
557723563,projects/0/557723563-1fdc54433fb6188e570b0247e17c746597ecab89/python-hacked-bluetickhrm-1fdc544/venv/Lib/site-packages/jinja2/runtime.py,python,1053,3831,7
557723563,projects/0/557723563-1fdc54433fb6188e570b0247e17c746597ecab89/python-hacked-bluetickhrm-1fdc544/venv/Lib/site-packages/jinja2/environment.py,python,1667,6874,58
557723563,projects/0/557723563-1fdc54433fb6188e570b0247e17c746597ecab89/python-hacked-bluetickhrm-1fdc544/venv/Lib/site-packages/jinja2/ext.py,python,859,3403,3
557723563,projects/0/557723563-1fdc54433fb6188e570b0247e17c746597ecab89/python-hacked-bluetickhrm-1fdc544/venv/Lib/site-packages/jinja2/meta.py,python,111,510,1
557723563,projects/0/557723563-1fdc54433fb6188e570b0247e17c746597ecab89/python-hacked-bluetickhrm-1fdc544/venv/Lib/site-packages/jinja2/sandbox.py,python,428,1580,1
557723563,projects/0/557723563-1fdc54433fb6188e570b0247e17c746597ecab89/python-hacked-bluetickhrm-1fdc544/venv/Lib/site-packages/click/__init__.py,python,73,433,1
557723563,projects/0/557723563-1fdc54433fb6188e570b0247e17c746597ecab89/python-hacked-bluetickhrm-1fdc544/venv/Lib/site-packages/click/core.py,python,3042,12963,2
557723563,projects/0/557723563-1fdc54433fb6188e570b0247e17c746597ecab89/python-hacked-bluetickhrm-1fdc544/venv/Lib/site-packages/click/decorators.py,python,561,2342,1
557723563,projects/0/557723563-1fdc54433fb6188e570b0247e17c746597ecab89/python-hacked-bluetickhrm-1fdc544/venv/Lib/site-packages/click/termui.py,python,784,3759,1
557723563,projects/0/557723563-1fdc54433fb6188e570b0247e17c746597ecab89/python-hacked-bluetickhrm-1fdc544/venv/Lib/site-packages/click/utils.py,python,624,2628,1
557723563,projects/0/557723563-1fdc54433fb6188e570b0247e17c746597ecab89/python-hacked-bluetickhrm-1fdc544/venv/Lib/site-packages/setuptools/_vendor/pyparsing/__init__.py,python,331,896,3
557723563,projects/0/557723563-1fdc54433fb6188e570b0247e17c746597ecab89/python-hacked-bluetickhrm-1fdc544/venv/Lib/site-packages/setuptools/_vendor/typing_extensions.py,python,2296,9228,6
557723563,projects/0/557723563-1fdc54433fb6188e570b0247e17c746597ecab89/python-hacked-bluetickhrm-1fdc544/venv/Lib/site-packages/setuptools/depends.py,python,176,660,2
557723563,projects/0/557723563-1fdc54433fb6188e570b0247e17c746597ecab89/python-hacked-bluetickhrm-1fdc544/venv/Lib/site-packages/setuptools/_distutils/sysconfig.py,python,558,2144,1
557723563,projects/0/557723563-1fdc54433fb6188e570b0247e17c746597ecab89/python-hacked-bluetickhrm-1fdc544/venv/Lib/site-packages/setuptools/_distutils/msvc9compiler.py,python,832,3201,1
557723563,projects/0/557723563-1fdc54433fb6188e570b0247e17c746597ecab89/python-hacked-bluetickhrm-1fdc544/venv/Lib/site-packages/setuptools/_distutils/command/check.py,python,151,465,1
557723563,projects/0/557723563-1fdc54433fb6188e570b0247e17c746597ecab89/python-hacked-bluetickhrm-1fdc544/venv/Lib/site-packages/setuptools/sandbox.py,python,530,1516,3
557723563,projects/0/557723563-1fdc54433fb6188e570b0247e17c746597ecab89/python-hacked-bluetickhrm-1fdc544/venv/Lib/site-packages/setuptools/command/build_ext.py,python,383,1543,1
557723563,projects/0/557723563-1fdc54433fb6188e570b0247e17c746597ecab89/python-hacked-bluetickhrm-1fdc544/venv/Lib/site-packages/setuptools/command/easy_install.py,python,2312,9064,1
557723563,projects/0/557723563-1fdc54433fb6188e570b0247e17c746597ecab89/python-hacked-bluetickhrm-1fdc544/venv/Lib/site-packages/pkg_resources/__init__.py,python,3296,11786,7
557723563,projects/0/557723563-1fdc54433fb6188e570b0247e17c746597ecab89/python-hacked-bluetickhrm-1fdc544/venv/Lib/site-packages/pkg_resources/_vendor/pyparsing/__init__.py,python,331,896,3
557723563,projects/0/557723563-1fdc54433fb6188e570b0247e17c746597ecab89/python-hacked-bluetickhrm-1fdc544/venv/Lib/site-packages/urllib3/packages/six.py,python,1076,3441,1
557723563,projects/0/557723563-1fdc54433fb6188e570b0247e17c746597ecab89/python-hacked-bluetickhrm-1fdc544/venv/Lib/site-packages/cffi/cffi_opcode.py,python,187,471,2
557723563,projects/0/557723563-1fdc54433fb6188e570b0247e17c746597ecab89/python-hacked-bluetickhrm-1fdc544/venv/Lib/site-packages/bs4/__init__.py,python,840,3801,3
557723563,projects/0/557723563-1fdc54433fb6188e570b0247e17c746597ecab89/python-hacked-bluetickhrm-1fdc544/venv/Lib/site-packages/django/utils/version.py,python,121,460,1
557723563,projects/0/557723563-1fdc54433fb6188e570b0247e17c746597ecab89/python-hacked-bluetickhrm-1fdc544/venv/Lib/site-packages/django/core/management/commands/shell.py,python,139,443,2
557723563,projects/0/557723563-1fdc54433fb6188e570b0247e17c746597ecab89/python-hacked-bluetickhrm-1fdc544/venv/Lib/site-packages/django/views/i18n.py,python,345,1149,11
557723563,projects/0/557723563-1fdc54433fb6188e570b0247e17c746597ecab89/python-hacked-bluetickhrm-1fdc544/venv/Lib/site-packages/dynaconf/loaders/__init__.py,python,341,1107,1
557723563,projects/0/557723563-1fdc54433fb6188e570b0247e17c746597ecab89/python-hacked-bluetickhrm-1fdc544/venv/Lib/site-packages/dynaconf/vendor/click/__init__.py,python,60,249,1
557723563,projects/0/557723563-1fdc54433fb6188e570b0247e17c746597ecab89/python-hacked-bluetickhrm-1fdc544/venv/Lib/site-packages/dynaconf/vendor/click/core.py,python,616,4351,2
557723563,projects/0/557723563-1fdc54433fb6188e570b0247e17c746597ecab89/python-hacked-bluetickhrm-1fdc544/venv/Lib/site-packages/dynaconf/vendor/click/decorators.py,python,115,1402,1
557723563,projects/0/557723563-1fdc54433fb6188e570b0247e17c746597ecab89/python-hacked-bluetickhrm-1fdc544/venv/Lib/site-packages/dynaconf/vendor/click/termui.py,python,135,986,1
557723563,projects/0/557723563-1fdc54433fb6188e570b0247e17c746597ecab89/python-hacked-bluetickhrm-1fdc544/venv/Lib/site-packages/dynaconf/vendor/click/utils.py,python,119,743,1
557723563,projects/0/557723563-1fdc54433fb6188e570b0247e17c746597ecab89/python-hacked-bluetickhrm-1fdc544/venv/Lib/site-packages/pip/_internal/commands/debug.py,python,199,659,1
557723563,projects/0/557723563-1fdc54433fb6188e570b0247e17c746597ecab89/python-hacked-bluetickhrm-1fdc544/venv/Lib/site-packages/pip/_internal/cli/parser.py,python,294,1135,1
557723563,projects/0/557723563-1fdc54433fb6188e570b0247e17c746597ecab89/python-hacked-bluetickhrm-1fdc544/venv/Lib/site-packages/pip/_vendor/pyparsing/__init__.py,python,331,898,3
557723563,projects/0/557723563-1fdc54433fb6188e570b0247e17c746597ecab89/python-hacked-bluetickhrm-1fdc544/venv/Lib/site-packages/pip/_vendor/pygments/lexers/python.py,python,1204,4733,4
557723563,projects/0/557723563-1fdc54433fb6188e570b0247e17c746597ecab89/python-hacked-bluetickhrm-1fdc544/venv/Lib/site-packages/pip/_vendor/pygments/unistring.py,python,153,8290,2
557723563,projects/0/557723563-1fdc54433fb6188e570b0247e17c746597ecab89/python-hacked-bluetickhrm-1fdc544/venv/Lib/site-packages/pip/_vendor/__init__.py,python,120,621,1
557723563,projects/0/557723563-1fdc54433fb6188e570b0247e17c746597ecab89/python-hacked-bluetickhrm-1fdc544/venv/Lib/site-packages/pip/_vendor/pyproject_hooks/_in_process/_in_process.py,python,353,1050,1
557723563,projects/0/557723563-1fdc54433fb6188e570b0247e17c746597ecab89/python-hacked-bluetickhrm-1fdc544/venv/Lib/site-packages/pip/_vendor/pkg_resources/__init__.py,python,3296,11796,7
557723563,projects/0/557723563-1fdc54433fb6188e570b0247e17c746597ecab89/python-hacked-bluetickhrm-1fdc544/venv/Lib/site-packages/pip/_vendor/urllib3/packages/six.py,python,1076,3441,1
557723563,projects/0/557723563-1fdc54433fb6188e570b0247e17c746597ecab89/python-hacked-bluetickhrm-1fdc544/venv/Lib/site-packages/pip/_vendor/typing_extensions.py,python,2209,8567,6
557723563,projects/0/557723563-1fdc54433fb6188e570b0247e17c746597ecab89/python-hacked-bluetickhrm-1fdc544/venv/Lib/site-packages/pip/_vendor/six.py,python,998,3441,1
557723563,projects/0/557723563-1fdc54433fb6188e570b0247e17c746597ecab89/python-hacked-bluetickhrm-1fdc544/venv/Lib/site-packages/typing_extensions.py,python,3072,11726,6
557723563,projects/0/557723563-1fdc54433fb6188e570b0247e17c746597ecab89/python-hacked-bluetickhrm-1fdc544/venv/Lib/site-packages/six.py,python,998,3441,1
557723563,projects/0/557723563-1fdc54433fb6188e570b0247e17c746597ecab89/python-hacked-bluetickhrm-1fdc544/venv/Scripts/knox-script.py,python,33,114,1
332934941,projects/0/332934941-087877be1c9716109978be284ea74e2a47e9b522/azufre-Scrapy-087877b/env/Lib/types.py,python,296,1149,1
332934941,projects/0/332934941-087877be1c9716109978be284ea74e2a47e9b522/azufre-Scrapy-087877b/env/Lib/importlib/_bootstrap.py,python,1173,4362,9
332934941,projects/0/332934941-087877be1c9716109978be284ea74e2a47e9b522/azufre-Scrapy-087877b/env/Lib/site-packages/wrapt/decorators.py,python,516,2159,2
332934941,projects/0/332934941-087877be1c9716109978be284ea74e2a47e9b522/azufre-Scrapy-087877b/env/Lib/site-packages/setuptools/tests/test_sandbox.py,python,134,399,3
332934941,projects/0/332934941-087877be1c9716109978be284ea74e2a47e9b522/azufre-Scrapy-087877b/env/Lib/site-packages/setuptools/tests/test_find_packages.py,python,180,630,1
332934941,projects/0/332934941-087877be1c9716109978be284ea74e2a47e9b522/azufre-Scrapy-087877b/env/Lib/site-packages/setuptools/depends.py,python,175,655,2
332934941,projects/0/332934941-087877be1c9716109978be284ea74e2a47e9b522/azufre-Scrapy-087877b/env/Lib/site-packages/setuptools/_distutils/sysconfig.py,python,573,2437,3
332934941,projects/0/332934941-087877be1c9716109978be284ea74e2a47e9b522/azufre-Scrapy-087877b/env/Lib/site-packages/setuptools/_distutils/msvc9compiler.py,python,788,3168,1
332934941,projects/0/332934941-087877be1c9716109978be284ea74e2a47e9b522/azufre-Scrapy-087877b/env/Lib/site-packages/setuptools/sandbox.py,python,496,1530,3
332934941,projects/0/332934941-087877be1c9716109978be284ea74e2a47e9b522/azufre-Scrapy-087877b/env/Lib/site-packages/setuptools/command/build_ext.py,python,322,1257,1
332934941,projects/0/332934941-087877be1c9716109978be284ea74e2a47e9b522/azufre-Scrapy-087877b/env/Lib/site-packages/setuptools/command/easy_install.py,python,2318,9145,1
332934941,projects/0/332934941-087877be1c9716109978be284ea74e2a47e9b522/azufre-Scrapy-087877b/env/Lib/site-packages/pkg_resources/__init__.py,python,3284,11748,7
332934941,projects/0/332934941-087877be1c9716109978be284ea74e2a47e9b522/azufre-Scrapy-087877b/env/Lib/site-packages/urllib3/packages/six.py,python,1021,3235,1
332934941,projects/0/332934941-087877be1c9716109978be284ea74e2a47e9b522/azufre-Scrapy-087877b/env/Lib/site-packages/bs4/__init__.py,python,791,3598,3
332934941,projects/0/332934941-087877be1c9716109978be284ea74e2a47e9b522/azufre-Scrapy-087877b/env/Lib/site-packages/pip/_internal/commands/debug.py,python,230,729,1
332934941,projects/0/332934941-087877be1c9716109978be284ea74e2a47e9b522/azufre-Scrapy-087877b/env/Lib/site-packages/pip/_internal/cli/parser.py,python,285,1074,1
332934941,projects/0/332934941-087877be1c9716109978be284ea74e2a47e9b522/azufre-Scrapy-087877b/env/Lib/site-packages/pip/_vendor/distlib/_backport/sysconfig.py,python,786,2935,7
332934941,projects/0/332934941-087877be1c9716109978be284ea74e2a47e9b522/azufre-Scrapy-087877b/env/Lib/site-packages/pip/_vendor/__init__.py,python,114,602,1
332934941,projects/0/332934941-087877be1c9716109978be284ea74e2a47e9b522/azufre-Scrapy-087877b/env/Lib/site-packages/pip/_vendor/pkg_resources/__init__.py,python,3296,11796,7
332934941,projects/0/332934941-087877be1c9716109978be284ea74e2a47e9b522/azufre-Scrapy-087877b/env/Lib/site-packages/pip/_vendor/urllib3/packages/six.py,python,1021,3235,1
332934941,projects/0/332934941-087877be1c9716109978be284ea74e2a47e9b522/azufre-Scrapy-087877b/env/Lib/site-packages/pip/_vendor/pep517/_in_process.py,python,280,872,1
332934941,projects/0/332934941-087877be1c9716109978be284ea74e2a47e9b522/azufre-Scrapy-087877b/env/Lib/site-packages/pip/_vendor/six.py,python,982,3399,1
332934941,projects/0/332934941-087877be1c9716109978be284ea74e2a47e9b522/azufre-Scrapy-087877b/env/Lib/token.py,python,136,252,1
332934941,projects/0/332934941-087877be1c9716109978be284ea74e2a47e9b522/azufre-Scrapy-087877b/env/Lib/warnings.py,python,553,2239,6
332934941,projects/0/332934941-087877be1c9716109978be284ea74e2a47e9b522/azufre-Scrapy-087877b/env/Lib/hashlib.py,python,259,1093,1
332934941,projects/0/332934941-087877be1c9716109978be284ea74e2a47e9b522/azufre-Scrapy-087877b/env/Lib/sre_constants.py,python,259,707,1
332934941,projects/0/332934941-087877be1c9716109978be284ea74e2a47e9b522/azufre-Scrapy-087877b/env/Lib/collections/__init__.py,python,1272,5637,1
332934941,projects/0/332934941-087877be1c9716109978be284ea74e2a47e9b522/azufre-Scrapy-087877b/env/Lib/os.py,python,1110,4754,2
332934941,projects/0/332934941-087877be1c9716109978be284ea74e2a47e9b522/azufre-Scrapy-087877b/env/Lib/locale.py,python,1753,7108,3
332934941,projects/0/332934941-087877be1c9716109978be284ea74e2a47e9b522/azufre-Scrapy-087877b/env/Lib/re.py,python,382,2049,1
332934941,projects/0/332934941-087877be1c9716109978be284ea74e2a47e9b522/azufre-Scrapy-087877b/env/Lib/rlcompleter.py,python,205,812,2
235417661,projects/0/235417661-e5cf149dcd7d2c62e1f4ca9eea47c05cc6d838c8/wmgroot-aros-e5cf149/aros/aros.py,python,700,2643,1
3975068,projects/0/3975068-2839da1d5215b80ded58ada167c310da4cc9f41a/collective-collective.portlet.actions-2839da1/collective/portlet/actions/locales/updatelocales.py,python,283,1071,1
514691046,projects/0/514691046-8142f28146506924955566d25a5bc74bfae6e694/byrongomezjr-npr_podcast_content_aggregator-8142f28/.venv/lib/python3.9/site-packages/wrapt/decorators.py,python,541,2266,2
514691046,projects/0/514691046-8142f28146506924955566d25a5bc74bfae6e694/byrongomezjr-npr_podcast_content_aggregator-8142f28/.venv/lib/python3.9/site-packages/click/__init__.py,python,73,433,1
514691046,projects/0/514691046-8142f28146506924955566d25a5bc74bfae6e694/byrongomezjr-npr_podcast_content_aggregator-8142f28/.venv/lib/python3.9/site-packages/click/core.py,python,2998,12826,2
514691046,projects/0/514691046-8142f28146506924955566d25a5bc74bfae6e694/byrongomezjr-npr_podcast_content_aggregator-8142f28/.venv/lib/python3.9/site-packages/click/decorators.py,python,497,2021,1
514691046,projects/0/514691046-8142f28146506924955566d25a5bc74bfae6e694/byrongomezjr-npr_podcast_content_aggregator-8142f28/.venv/lib/python3.9/site-packages/click/termui.py,python,787,3760,1
514691046,projects/0/514691046-8142f28146506924955566d25a5bc74bfae6e694/byrongomezjr-npr_podcast_content_aggregator-8142f28/.venv/lib/python3.9/site-packages/click/utils.py,python,580,2428,1
514691046,projects/0/514691046-8142f28146506924955566d25a5bc74bfae6e694/byrongomezjr-npr_podcast_content_aggregator-8142f28/.venv/lib/python3.9/site-packages/setuptools/depends.py,python,175,655,2
514691046,projects/0/514691046-8142f28146506924955566d25a5bc74bfae6e694/byrongomezjr-npr_podcast_content_aggregator-8142f28/.venv/lib/python3.9/site-packages/setuptools/_distutils/sysconfig.py,python,578,2469,3
514691046,projects/0/514691046-8142f28146506924955566d25a5bc74bfae6e694/byrongomezjr-npr_podcast_content_aggregator-8142f28/.venv/lib/python3.9/site-packages/setuptools/_distutils/msvc9compiler.py,python,788,3168,1
514691046,projects/0/514691046-8142f28146506924955566d25a5bc74bfae6e694/byrongomezjr-npr_podcast_content_aggregator-8142f28/.venv/lib/python3.9/site-packages/setuptools/sandbox.py,python,530,1516,3
514691046,projects/0/514691046-8142f28146506924955566d25a5bc74bfae6e694/byrongomezjr-npr_podcast_content_aggregator-8142f28/.venv/lib/python3.9/site-packages/setuptools/command/build_ext.py,python,328,1273,1
514691046,projects/0/514691046-8142f28146506924955566d25a5bc74bfae6e694/byrongomezjr-npr_podcast_content_aggregator-8142f28/.venv/lib/python3.9/site-packages/setuptools/command/easy_install.py,python,2290,9070,1
514691046,projects/0/514691046-8142f28146506924955566d25a5bc74bfae6e694/byrongomezjr-npr_podcast_content_aggregator-8142f28/.venv/lib/python3.9/site-packages/blib2to3/pgen2/token.py,python,94,276,1
514691046,projects/0/514691046-8142f28146506924955566d25a5bc74bfae6e694/byrongomezjr-npr_podcast_content_aggregator-8142f28/.venv/lib/python3.9/site-packages/pkg_resources/__init__.py,python,3288,11779,7
514691046,projects/0/514691046-8142f28146506924955566d25a5bc74bfae6e694/byrongomezjr-npr_podcast_content_aggregator-8142f28/.venv/lib/python3.9/site-packages/urllib3/packages/six.py,python,1076,3441,1
514691046,projects/0/514691046-8142f28146506924955566d25a5bc74bfae6e694/byrongomezjr-npr_podcast_content_aggregator-8142f28/.venv/lib/python3.9/site-packages/cffi/cffi_opcode.py,python,187,471,2
514691046,projects/0/514691046-8142f28146506924955566d25a5bc74bfae6e694/byrongomezjr-npr_podcast_content_aggregator-8142f28/.venv/lib/python3.9/site-packages/scout_apm/flask/__init__.py,python,118,365,1
514691046,projects/0/514691046-8142f28146506924955566d25a5bc74bfae6e694/byrongomezjr-npr_podcast_content_aggregator-8142f28/.venv/lib/python3.9/site-packages/django/utils/version.py,python,120,454,1
514691046,projects/0/514691046-8142f28146506924955566d25a5bc74bfae6e694/byrongomezjr-npr_podcast_content_aggregator-8142f28/.venv/lib/python3.9/site-packages/django/core/management/commands/shell.py,python,139,443,2
514691046,projects/0/514691046-8142f28146506924955566d25a5bc74bfae6e694/byrongomezjr-npr_podcast_content_aggregator-8142f28/.venv/lib/python3.9/site-packages/django/views/i18n.py,python,345,1155,11
514691046,projects/0/514691046-8142f28146506924955566d25a5bc74bfae6e694/byrongomezjr-npr_podcast_content_aggregator-8142f28/.venv/lib/python3.9/site-packages/pip/_internal/commands/debug.py,python,203,666,1
514691046,projects/0/514691046-8142f28146506924955566d25a5bc74bfae6e694/byrongomezjr-npr_podcast_content_aggregator-8142f28/.venv/lib/python3.9/site-packages/pip/_internal/cli/parser.py,python,294,1135,1
514691046,projects/0/514691046-8142f28146506924955566d25a5bc74bfae6e694/byrongomezjr-npr_podcast_content_aggregator-8142f28/.venv/lib/python3.9/site-packages/pip/_vendor/distlib/_backport/sysconfig.py,python,786,2935,7
514691046,projects/0/514691046-8142f28146506924955566d25a5bc74bfae6e694/byrongomezjr-npr_podcast_content_aggregator-8142f28/.venv/lib/python3.9/site-packages/pip/_vendor/pyparsing/__init__.py,python,331,898,3
514691046,projects/0/514691046-8142f28146506924955566d25a5bc74bfae6e694/byrongomezjr-npr_podcast_content_aggregator-8142f28/.venv/lib/python3.9/site-packages/pip/_vendor/pygments/lexers/python.py,python,1188,4693,4
514691046,projects/0/514691046-8142f28146506924955566d25a5bc74bfae6e694/byrongomezjr-npr_podcast_content_aggregator-8142f28/.venv/lib/python3.9/site-packages/pip/_vendor/pygments/unistring.py,python,153,8290,2
514691046,projects/0/514691046-8142f28146506924955566d25a5bc74bfae6e694/byrongomezjr-npr_podcast_content_aggregator-8142f28/.venv/lib/python3.9/site-packages/pip/_vendor/__init__.py,python,111,594,1
514691046,projects/0/514691046-8142f28146506924955566d25a5bc74bfae6e694/byrongomezjr-npr_podcast_content_aggregator-8142f28/.venv/lib/python3.9/site-packages/pip/_vendor/pkg_resources/__init__.py,python,3296,11796,7
514691046,projects/0/514691046-8142f28146506924955566d25a5bc74bfae6e694/byrongomezjr-npr_podcast_content_aggregator-8142f28/.venv/lib/python3.9/site-packages/pip/_vendor/urllib3/packages/six.py,python,1077,3441,1
514691046,projects/0/514691046-8142f28146506924955566d25a5bc74bfae6e694/byrongomezjr-npr_podcast_content_aggregator-8142f28/.venv/lib/python3.9/site-packages/pip/_vendor/pep517/in_process/_in_process.py,python,363,1087,1
514691046,projects/0/514691046-8142f28146506924955566d25a5bc74bfae6e694/byrongomezjr-npr_podcast_content_aggregator-8142f28/.venv/lib/python3.9/site-packages/pip/_vendor/typing_extensions.py,python,1960,7566,6
514691046,projects/0/514691046-8142f28146506924955566d25a5bc74bfae6e694/byrongomezjr-npr_podcast_content_aggregator-8142f28/.venv/lib/python3.9/site-packages/pip/_vendor/six.py,python,998,3441,1
514691046,projects/0/514691046-8142f28146506924955566d25a5bc74bfae6e694/byrongomezjr-npr_podcast_content_aggregator-8142f28/.venv/lib/python3.9/site-packages/django_extensions/management/commands/shell_plus.py,python,582,2048,2
514691046,projects/0/514691046-8142f28146506924955566d25a5bc74bfae6e694/byrongomezjr-npr_podcast_content_aggregator-8142f28/.venv/lib/python3.9/site-packages/psutil/_common.py,python,898,2990,2
514691046,projects/0/514691046-8142f28146506924955566d25a5bc74bfae6e694/byrongomezjr-npr_podcast_content_aggregator-8142f28/.venv/lib/python3.9/site-packages/psutil/_pslinux.py,python,2254,9281,2
514691046,projects/0/514691046-8142f28146506924955566d25a5bc74bfae6e694/byrongomezjr-npr_podcast_content_aggregator-8142f28/.venv/lib/python3.9/site-packages/psutil/__init__.py,python,2421,9683,1
514691046,projects/0/514691046-8142f28146506924955566d25a5bc74bfae6e694/byrongomezjr-npr_podcast_content_aggregator-8142f28/.venv/lib/python3.9/site-packages/psutil/_psbsd.py,python,922,3097,1
514691046,projects/0/514691046-8142f28146506924955566d25a5bc74bfae6e694/byrongomezjr-npr_podcast_content_aggregator-8142f28/.venv/lib/python3.9/site-packages/psutil/_psaix.py,python,552,1964,1
514691046,projects/0/514691046-8142f28146506924955566d25a5bc74bfae6e694/byrongomezjr-npr_podcast_content_aggregator-8142f28/.venv/lib/python3.9/site-packages/psutil/_psosx.py,python,540,1539,1
514691046,projects/0/514691046-8142f28146506924955566d25a5bc74bfae6e694/byrongomezjr-npr_podcast_content_aggregator-8142f28/.venv/lib/python3.9/site-packages/psutil/_pssunos.py,python,727,2675,1
514691046,projects/0/514691046-8142f28146506924955566d25a5bc74bfae6e694/byrongomezjr-npr_podcast_content_aggregator-8142f28/.venv/lib/python3.9/site-packages/psutil/_pswindows.py,python,1114,3701,3
514691046,projects/0/514691046-8142f28146506924955566d25a5bc74bfae6e694/byrongomezjr-npr_podcast_content_aggregator-8142f28/.venv/lib/python3.9/site-packages/typing_extensions.py,python,2069,8086,6
514691046,projects/0/514691046-8142f28146506924955566d25a5bc74bfae6e694/byrongomezjr-npr_podcast_content_aggregator-8142f28/.venv/lib/python3.9/site-packages/six.py,python,998,3441,1
